24,8,45
#00000000,#00000000,#00000000,#00000000,#00000000,#00000000,#00000000,#00000000,#00000000,#00000000,#00000000,#00000000,#00000000,#00000000,#00000000,#00000000,#00000000,#00000000,#00000000,#00000000,#00000000,#00000000,#00000000,#00000000
#00000000,#00000000,#00000000,#00000000,#00000000,#00000000,#00000000,#00000000,#00000000,#00000000,#00000000,#00000000,#00000000,#00000000,#00000000,#00000000,#00000000,#00000000,#00000000,#00000000,#00000000,#00000000,#00000000,#00000000
#00000000,#00000000,#00000000,#00000000,#00000000,#00000000,#00000000,#00000000,#00000000,#00000000,#00000000,#00000000,#00000000,#00000000,#00000000,#00000000,#00000000,#00000000,#00000000,#00000000,#00000000,#00000000,#00000000,#00000000
#00000000,#00000000,#00000000,#00000000,#00000000,#00000000,#00000000,#00000000,#00000000,#00000000,#00000000,#00000000,#00000000,#00000000,#00000000,#00000000,#00000000,#00000000,#00000000,#00000000,#00000000,#00000000,#00000000,#00000000
#00000000,#00000000,#00000000,#00000000,#00000000,#00000000,#00000000,#00000000,#00000000,#00000000,#00000000,#00000000,#00000000,#00000000,#00000000,#00000000,#00000000,#00000000,#00000000,#00000000,#00000000,#00000000,#00000000,#00000000
#00000000,#00000000,#00000000,#00000000,#00000000,#00000000,#00000000,#00000000,#00000000,#00000000,#00000000,#00000000,#00000000,#00000000,#00000000,#00000000,#00000000,#00000000,#00000000,#00000000,#00000000,#00000000,#00000000,#00000000
#00000000,#00000000,#00000000,#00000000,#00000000,#00000000,#00000000,#00000000,#00000000,#00000000,#00000000,#00000000,#00000000,#00000000,#00000000,#00000000,#00000000,#00000000,#00000000,#00000000,#00000000,#00000000,#00000000,#00000000
#00000000,#00000000,#00000000,#00000000,#00000000,#00000000,#00000000,#00000000,#00000000,#00000000,#00000000,#00000000,#00000000,#00000000,#00000000,#00000000,#00000000,#00000000,#00000000,#00000000,#00000000,#00000000,#00000000,#00000000
#00000000,#00000000,#00000000,#00000000,#00000000,#00000000,#00000000,#00000000,#00000000,#00000000,#00000000,#00000000,#00000000,#00000000,#00000000,#00000000,#00000000,#00000000,#00000000,#00000000,#00000000,#00000000,#00000000,#00000000
#00000000,#00000000,#00000000,#00000000,#00000000,#00000000,#00000000,#00000000,#00000000,#00000000,#00000000,#00000000,#00000000,#00000000,#00000000,#00000000,#00000000,#00000000,#00000000,#00000000,#00000000,#00000000,#00000000,#00000000
#00000000,#00000000,#00000000,#00000000,#00000000,#00000000,#00000000,#00000000,#00000000,#00000000,#00000000,#00000000,#00000000,#00000000,#00000000,#00000000,#00000000,#00000000,#00000000,#00000000,#00000000,#00000000,#00000000,#00000000
#00000000,#00000000,#00000000,#00000000,#00000000,#00000000,#00000000,#00000000,#00000000,#00000000,#00000000,#00000000,#00000000,#00000000,#00000000,#00000000,#00000000,#00000000,#00000000,#00000000,#00000000,#00000000,#00000000,#00000000
#00000000,#00000000,#00000000,#00000000,#00000000,#00000000,#00000000,#00000000,#00000000,#00000000,#00000000,#00000000,#00000000,#00000000,#00000000,#00000000,#00000000,#00000000,#00000000,#00000000,#00000000,#00000000,#00000000,#00000000
#00000000,#00000000,#00000000,#00000000,#00000000,#00000000,#00000000,#00000000,#00000000,#00000000,#00000000,#00000000,#00000000,#00000000,#00000000,#00000000,#00000000,#00000000,#00000000,#00000000,#00000000,#00000000,#00000000,#00000000
#00000000,#00000000,#00000000,#00000000,#00000000,#00000000,#00000000,#00000000,#00000000,#00000000,#00000000,#00000000,#00000000,#00000000,#00000000,#00000000,#00000000,#00000000,#00000000,#00000000,#00000000,#00000000,#00000000,#00000000
#00000000,#00000000,#00000000,#00000000,#00000000,#00000000,#00000000,#00000000,#00000000,#00000000,#00000000,#00000000,#00000000,#00000000,#00000000,#00000000,#00000000,#00000000,#00000000,#00000000,#00000000,#00000000,#00000000,#00000000
#00000000,#00000000,#00000000,#00000000,#00000000,#00000000,#00000000,#00000000,#00000000,#00000000,#00000000,#00000000,#00000000,#00000000,#00000000,#00000000,#00000000,#00000000,#00000000,#00000000,#00000000,#00000000,#00000000,#00000000
#00000000,#00000000,#00000000,#00000000,#00000000,#00000000,#00000000,#00000000,#00000000,#00000000,#00000000,#00000000,#00000000,#00000000,#00000000,#00000000,#00000000,#00000000,#00000000,#00000000,#00000000,#00000000,#00000000,#00000000
#00000000,#00000000,#00000000,#00000000,#00000000,#00000000,#00000000,#00000000,#00000000,#00000000,#00000000,#00000000,#00000000,#00000000,#00000000,#00000000,#00000000,#00000000,#00000000,#00000000,#00000000,#00000000,#00000000,#00000000
#00000000,#00000000,#00000000,#00000000,#00000000,#00000000,#00000000,#00000000,#00000000,#00000000,#00000000,#00000000,#00000000,#00000000,#00000000,#00000000,#00000000,#00000000,#00000000,#00000000,#00000000,#00000000,#00000000,#00000000
#00000000,#00000000,#00000000,#00000000,#00000000,#00000000,#00000000,#00000000,#00000000,#00000000,#00000000,#00000000,#00000000,#00000000,#00000000,#00000000,#00000000,#00000000,#00000000,#00000000,#00000000,#00000000,#00000000,#00000000
#00000000,#00000000,#00000000,#00000000,#00000000,#00000000,#00000000,#00000000,#00000000,#00000000,#00000000,#00000000,#00000000,#00000000,#00000000,#00000000,#00000000,#00000000,#00000000,#00000000,#00000000,#00000000,#00000000,#00000000
#00000000,#00000000,#00000000,#00000000,#00000000,#00000000,#00000000,#00000000,#00000000,#00000000,#00000000,#00000000,#00000000,#00000000,#00000000,#00000000,#00000000,#00000000,#00000000,#00000000,#00000000,#00000000,#00000000,#00000000
#00000000,#00000000,#00000000,#00000000,#00000000,#00000000,#00000000,#00000000,#00000000,#00000000,#00000000,#00000000,#00000000,#00000000,#00000000,#00000000,#00000000,#00000000,#00000000,#00000000,#00000000,#00000000,#00000000,#00000000
#00000000,#00000000,#00000000,#00000000,#00000000,#00000000,#00000000,#00000000,#00000000,#00000000,#00000000,#00000000,#00000000,#00000000,#00000000,#00000000,#00000000,#00000000,#00000000,#00000000,#00000000,#00000000,#00000000,#00000000
#00000000,#00000000,#00000000,#00000000,#00000000,#00000000,#00000000,#00000000,#00000000,#00000000,#00000000,#00000000,#00000000,#00000000,#00000000,#00000000,#00000000,#00000000,#00000000,#00000000,#00000000,#00000000,#00000000,#00000000
#00000000,#00000000,#00000000,#00000000,#00000000,#00000000,#00000000,#00000000,#00000000,#00000000,#00000000,#00000000,#00000000,#00000000,#00000000,#00000000,#00000000,#00000000,#00000000,#00000000,#00000000,#00000000,#00000000,#00000000
#00000000,#00000000,#00000000,#00000000,#00000000,#00000000,#00000000,#00000000,#00000000,#00000000,#00000000,#00000000,#00000000,#00000000,#00000000,#00000000,#00000000,#00000000,#00000000,#00000000,#00000000,#00000000,#00000000,#00000000
#00000000,#00000000,#00000000,#00000000,#00000000,#00000000,#00000000,#00000000,#00000000,#00000000,#00000000,#00000000,#00000000,#00000000,#00000000,#00000000,#00000000,#00000000,#00000000,#00000000,#00000000,#00000000,#00000000,#00000000
#00000000,#00000000,#00000000,#00000000,#00000000,#00000000,#00000000,#00000000,#00000000,#00000000,#00000000,#00000000,#00000000,#00000000,#00000000,#00000000,#00000000,#00000000,#00000000,#00000000,#00000000,#00000000,#00000000,#00000000
#00000000,#00000000,#00000000,#00000000,#00000000,#00000000,#00000000,#00000000,#00000000,#00000000,#00000000,#00000000,#00000000,#00000000,#00000000,#00000000,#00000000,#00000000,#00000000,#00000000,#00000000,#00000000,#00000000,#00000000
#00000000,#00000000,#00000000,#00000000,#00000000,#00000000,#00000000,#00000000,#00000000,#00000000,#00000000,#00000000,#00000000,#00000000,#00000000,#00000000,#00000000,#00000000,#00000000,#00000000,#00000000,#00000000,#00000000,#00000000
#00000000,#00000000,#00000000,#00000000,#00000000,#00000000,#00000000,#00000000,#00000000,#00000000,#00000000,#00000000,#00000000,#00000000,#00000000,#00000000,#00000000,#00000000,#00000000,#00000000,#00000000,#00000000,#00000000,#00000000
#00000000,#00000000,#00000000,#00000000,#00000000,#00000000,#00000000,#00000000,#00000000,#00000000,#00000000,#00000000,#00000000,#00000000,#00000000,#00000000,#00000000,#00000000,#00000000,#00000000,#00000000,#00000000,#00000000,#00000000
#00000000,#00000000,#00000000,#00000000,#00000000,#00000000,#00000000,#00000000,#00000000,#00000000,#00000000,#00000000,#00000000,#00000000,#00000000,#00000000,#00000000,#00000000,#00000000,#00000000,#00000000,#00000000,#00000000,#00000000
#00000000,#00000000,#00000000,#00000000,#00000000,#00000000,#00000000,#00000000,#00000000,#00000000,#00000000,#00000000,#00000000,#00000000,#00000000,#00000000,#00000000,#00000000,#00000000,#00000000,#00000000,#00000000,#00000000,#00000000
#00000000,#00000000,#00000000,#00000000,#00000000,#00000000,#00000000,#00000000,#00000000,#00000000,#00000000,#00000000,#00000000,#00000000,#00000000,#00000000,#00000000,#00000000,#00000000,#00000000,#00000000,#00000000,#00000000,#00000000
#00000000,#00000000,#00000000,#00000000,#00000000,#00000000,#00000000,#00000000,#777700FF,#00000000,#00000000,#00000000,#00000000,#00000000,#00000000,#00000000,#00000000,#00000000,#00000000,#00000000,#00000000,#00000000,#00000000,#00000000
#00000000,#00000000,#00000000,#00000000,#00000000,#00000000,#00000000,#555555FF,#555555FF,#555555FF,#00000000,#00000000,#00000000,#00000000,#00000000,#00000000,#00000000,#00000000,#00000000,#00000000,#00000000,#00000000,#00000000,#00000000
#00000000,#00000000,#00000000,#00000000,#00000000,#00000000,#00000000,#555555FF,#555555FF,#555555FF,#00000000,#00000000,#00000000,#00000000,#00000000,#00000000,#00000000,#00000000,#00000000,#00000000,#00000000,#00000000,#00000000,#00000000
#00000000,#00000000,#00000000,#00000000,#00000000,#00000000,#00000000,#00000000,#00000000,#00000000,#00000000,#00000000,#00000000,#00000000,#00000000,#00000000,#00000000,#00000000,#00000000,#00000000,#00000000,#00000000,#00000000,#00000000
#00000000,#00000000,#00000000,#00000000,#00000000,#00000000,#00000000,#00000000,#00000000,#00000000,#00000000,#00000000,#00000000,#00000000,#00000000,#00000000,#00000000,#00000000,#00000000,#00000000,#00000000,#00000000,#00000000,#00000000
#00000000,#00000000,#00000000,#00000000,#00000000,#00000000,#00000000,#00000000,#00000000,#00000000,#00000000,#00000000,#00000000,#00000000,#00000000,#00000000,#00000000,#00000000,#00000000,#00000000,#00000000,#00000000,#00000000,#00000000
#00000000,#00000000,#00000000,#00000000,#00000000,#00000000,#00000000,#00000000,#00000000,#00000000,#00000000,#00000000,#00000000,#00000000,#00000000,#00000000,#00000000,#00000000,#00000000,#00000000,#00000000,#00000000,#00000000,#00000000
#00000000,#00000000,#00000000,#00000000,#00000000,#00000000,#00000000,#00000000,#00000000,#00000000,#00000000,#00000000,#00000000,#00000000,#00000000,#00000000,#00000000,#00000000,#00000000,#00000000,#00000000,#00000000,#00000000,#00000000

#00000000,#00000000,#00000000,#00000000,#00000000,#00000000,#00000000,#00000000,#00000000,#00000000,#00000000,#00000000,#00000000,#00000000,#00000000,#00000000,#00000000,#00000000,#00000000,#00000000,#00000000,#00000000,#00000000,#00000000
#00000000,#00000000,#00000000,#00000000,#00000000,#00000000,#00000000,#00000000,#00000000,#00000000,#00000000,#00000000,#00000000,#00000000,#00000000,#00000000,#00000000,#00000000,#00000000,#00000000,#00000000,#00000000,#00000000,#00000000
#00000000,#00000000,#00000000,#00000000,#00000000,#00000000,#00000000,#00000000,#00000000,#00000000,#00000000,#00000000,#00000000,#00000000,#00000000,#00000000,#00000000,#00000000,#00000000,#00000000,#00000000,#00000000,#00000000,#00000000
#00000000,#00000000,#00000000,#00000000,#00000000,#00000000,#00000000,#00000000,#00000000,#00000000,#00000000,#00000000,#00000000,#00000000,#00000000,#00000000,#00000000,#00000000,#00000000,#00000000,#00000000,#00000000,#00000000,#00000000
#00000000,#00000000,#00000000,#00000000,#00000000,#00000000,#00000000,#00000000,#00000000,#00000000,#00000000,#00000000,#00000000,#00000000,#00000000,#00000000,#00000000,#00000000,#00000000,#00000000,#00000000,#00000000,#00000000,#00000000
#00000000,#00000000,#00000000,#00000000,#00000000,#00000000,#00000000,#00000000,#00000000,#00000000,#00000000,#00000000,#00000000,#00000000,#00000000,#00000000,#00000000,#00000000,#00000000,#00000000,#00000000,#00000000,#00000000,#00000000
#00000000,#00000000,#00000000,#00000000,#00000000,#00000000,#00000000,#00000000,#00000000,#00000000,#00000000,#00000000,#00000000,#00000000,#00000000,#00000000,#00000000,#00000000,#00000000,#00000000,#00000000,#00000000,#00000000,#00000000
#00000000,#00000000,#00000000,#00000000,#00000000,#00000000,#00000000,#00000000,#00000000,#00000000,#00000000,#00000000,#00000000,#00000000,#00000000,#00000000,#00000000,#00000000,#00000000,#00000000,#00000000,#00000000,#00000000,#00000000
#00000000,#00000000,#00000000,#00000000,#00000000,#00000000,#00000000,#00000000,#00000000,#00000000,#00000000,#00000000,#00000000,#00000000,#00000000,#00000000,#00000000,#00000000,#00000000,#00000000,#00000000,#00000000,#00000000,#00000000
#00000000,#00000000,#00000000,#00000000,#00000000,#00000000,#00000000,#00000000,#00000000,#00000000,#00000000,#00000000,#00000000,#00000000,#00000000,#00000000,#00000000,#00000000,#00000000,#00000000,#00000000,#00000000,#00000000,#00000000
#00000000,#00000000,#00000000,#00000000,#00000000,#00000000,#00000000,#00000000,#00000000,#00000000,#00000000,#00000000,#00000000,#00000000,#00000000,#00000000,#00000000,#00000000,#00000000,#00000000,#00000000,#00000000,#00000000,#00000000
#00000000,#00000000,#00000000,#00000000,#00000000,#00000000,#00000000,#00000000,#00000000,#00000000,#00000000,#00000000,#00000000,#00000000,#00000000,#00000000,#00000000,#00000000,#00000000,#00000000,#00000000,#00000000,#00000000,#00000000
#00000000,#00000000,#00000000,#00000000,#00000000,#00000000,#00000000,#00000000,#00000000,#00000000,#00000000,#00000000,#00000000,#00000000,#00000000,#00000000,#00000000,#00000000,#00000000,#00000000,#00000000,#00000000,#00000000,#00000000
#00000000,#00000000,#00000000,#00000000,#00000000,#00000000,#00000000,#00000000,#00000000,#00000000,#00000000,#00000000,#00000000,#00000000,#00000000,#00000000,#00000000,#00000000,#00000000,#00000000,#00000000,#00000000,#00000000,#00000000
#00000000,#00000000,#00000000,#00000000,#00000000,#00000000,#00000000,#00000000,#00000000,#00000000,#00000000,#00000000,#00000000,#00000000,#00000000,#00000000,#00000000,#00000000,#00000000,#00000000,#00000000,#00000000,#00000000,#00000000
#00000000,#00000000,#00000000,#00000000,#00000000,#00000000,#00000000,#00000000,#00000000,#00000000,#00000000,#00000000,#00000000,#00000000,#00000000,#00000000,#00000000,#00000000,#00000000,#00000000,#00000000,#00000000,#00000000,#00000000
#00000000,#00000000,#00000000,#00000000,#00000000,#00000000,#00000000,#00000000,#00000000,#00000000,#00000000,#00000000,#00000000,#00000000,#00000000,#00000000,#00000000,#00000000,#00000000,#00000000,#00000000,#00000000,#00000000,#00000000
#00000000,#00000000,#00000000,#00000000,#00000000,#00000000,#00000000,#00000000,#00000000,#00000000,#00000000,#00000000,#00000000,#00000000,#00000000,#00000000,#00000000,#00000000,#00000000,#00000000,#00000000,#00000000,#00000000,#00000000
#00000000,#00000000,#00000000,#00000000,#00000000,#00000000,#00000000,#00000000,#00000000,#00000000,#00000000,#00000000,#00000000,#00000000,#00000000,#00000000,#00000000,#00000000,#00000000,#00000000,#00000000,#00000000,#00000000,#00000000
#00000000,#00000000,#00000000,#00000000,#00000000,#00000000,#00000000,#00000000,#00000000,#00000000,#00000000,#00000000,#00000000,#00000000,#00000000,#00000000,#00000000,#00000000,#00000000,#00000000,#00000000,#00000000,#00000000,#00000000
#00000000,#00000000,#00000000,#00000000,#00000000,#00000000,#00000000,#00000000,#00000000,#00000000,#00000000,#00000000,#00000000,#00000000,#00000000,#00000000,#00000000,#00000000,#00000000,#00000000,#00000000,#00000000,#00000000,#00000000
#00000000,#00000000,#00000000,#00000000,#00000000,#00000000,#00000000,#00000000,#00000000,#00000000,#00000000,#00000000,#00000000,#00000000,#00000000,#00000000,#00000000,#00000000,#00000000,#00000000,#00000000,#00000000,#00000000,#00000000
#00000000,#00000000,#00000000,#00000000,#00000000,#00000000,#00000000,#00000000,#00000000,#00000000,#00000000,#00000000,#00000000,#00000000,#00000000,#00000000,#00000000,#00000000,#00000000,#00000000,#00000000,#00000000,#00000000,#00000000
#00000000,#00000000,#00000000,#00000000,#00000000,#00000000,#00000000,#00000000,#00000000,#00000000,#00000000,#00000000,#00000000,#00000000,#00000000,#00000000,#00000000,#00000000,#00000000,#00000000,#00000000,#00000000,#00000000,#00000000
#00000000,#00000000,#00000000,#00000000,#00000000,#00000000,#00000000,#00000000,#00000000,#00000000,#00000000,#00000000,#00000000,#00000000,#00000000,#00000000,#00000000,#00000000,#00000000,#00000000,#00000000,#00000000,#00000000,#00000000
#00000000,#00000000,#00000000,#00000000,#00000000,#00000000,#00000000,#00000000,#00000000,#00000000,#00000000,#00000000,#00000000,#00000000,#00000000,#00000000,#00000000,#00000000,#00000000,#00000000,#00000000,#00000000,#00000000,#00000000
#00000000,#00000000,#00000000,#00000000,#00000000,#00000000,#00000000,#00000000,#00000000,#00000000,#00000000,#777700FF,#777700FF,#00000000,#00000000,#00000000,#00000000,#00000000,#00000000,#00000000,#00000000,#00000000,#00000000,#00000000
#00000000,#00000000,#00000000,#00000000,#00000000,#00000000,#00000000,#00000000,#00000000,#00000000,#00000000,#777700FF,#777700FF,#00000000,#00000000,#00000000,#00000000,#00000000,#00000000,#00000000,#00000000,#00000000,#00000000,#00000000
#00000000,#00000000,#00000000,#00000000,#00000000,#00000000,#00000000,#00000000,#555555FF,#555555FF,#555555FF,#555555FF,#555555FF,#555555FF,#555555FF,#555555FF,#00000000,#00000000,#00000000,#00000000,#00000000,#00000000,#00000000,#00000000
#00000000,#00000000,#00000000,#00000000,#00000000,#00000000,#FF7706FF,#555555FF,#555555FF,#555555FF,#555555FF,#555555FF,#555555FF,#555555FF,#555555FF,#555555FF,#555555FF,#FF7707FF,#00000000,#00000000,#00000000,#00000000,#00000000,#00000000
#00000000,#00000000,#00000000,#00000000,#00000000,#555555FF,#555555FF,#555555FF,#555555FF,#555555FF,#555555FF,#555555FF,#555555FF,#555555FF,#555555FF,#555555FF,#555555FF,#555555FF,#555555FF,#00000000,#00000000,#00000000,#00000000,#00000000
#00000000,#00000000,#00000000,#00000000,#00000000,#555555FF,#555555FF,#555555FF,#555555FF,#555555FF,#555555FF,#555555FF,#555555FF,#555555FF,#555555FF,#555555FF,#555555FF,#555555FF,#555555FF,#00000000,#00000000,#00000000,#00000000,#00000000
#00000000,#00000000,#00000000,#00000000,#00000000,#555555FF,#555555FF,#555555FF,#555555FF,#555555FF,#555555FF,#555555FF,#555555FF,#555555FF,#555555FF,#555555FF,#555555FF,#555555FF,#555555FF,#00000000,#00000000,#00000000,#00000000,#00000000
#00000000,#00000000,#00000000,#00000000,#00000000,#555555FF,#555555FF,#555555FF,#555555FF,#555555FF,#555555FF,#555555FF,#555555FF,#555555FF,#555555FF,#555555FF,#555555FF,#555555FF,#555555FF,#00000000,#00000000,#00000000,#00000000,#00000000
#00000000,#00000000,#00000000,#00000000,#00000000,#555555FF,#555555FF,#555555FF,#555555FF,#555555FF,#555555FF,#555555FF,#555555FF,#555555FF,#555555FF,#555555FF,#555555FF,#555555FF,#555555FF,#00000000,#00000000,#00000000,#00000000,#00000000
#00000000,#00000000,#00000000,#00000000,#00000000,#555555FF,#555555FF,#555555FF,#555555FF,#555555FF,#555555FF,#555555FF,#555555FF,#555555FF,#555555FF,#555555FF,#555555FF,#555555FF,#555555FF,#00000000,#00000000,#00000000,#00000000,#00000000
#00000000,#00000000,#00000000,#00000000,#00000000,#555555FF,#555555FF,#555555FF,#555555FF,#555555FF,#555555FF,#555555FF,#555555FF,#555555FF,#555555FF,#555555FF,#555555FF,#555555FF,#555555FF,#00000000,#00000000,#00000000,#00000000,#00000000
#00000000,#00000000,#00000000,#00000000,#00000000,#555555FF,#555555FF,#555555FF,#555555FF,#555555FF,#555555FF,#555555FF,#555555FF,#555555FF,#555555FF,#555555FF,#555555FF,#555555FF,#555555FF,#00000000,#00000000,#00000000,#00000000,#00000000
#00000000,#00000000,#00000000,#00000000,#00000000,#555555FF,#555555FF,#555555FF,#555555FF,#555555FF,#555555FF,#555555FF,#555555FF,#555555FF,#555555FF,#555555FF,#555555FF,#555555FF,#555555FF,#00000000,#00000000,#00000000,#00000000,#00000000
#00000000,#00000000,#00000000,#00000000,#00000000,#555555FF,#555555FF,#555555FF,#555555FF,#555555FF,#555555FF,#555555FF,#555555FF,#555555FF,#555555FF,#555555FF,#555555FF,#555555FF,#555555FF,#00000000,#00000000,#00000000,#00000000,#00000000
#00000000,#00000000,#00000000,#00000000,#00000000,#555555FF,#555555FF,#555555FF,#555555FF,#555555FF,#555555FF,#555555FF,#555555FF,#555555FF,#555555FF,#555555FF,#555555FF,#555555FF,#555555FF,#00000000,#00000000,#00000000,#00000000,#00000000
#00000000,#00000000,#00000000,#00000000,#00000000,#555555FF,#555555FF,#555555FF,#555555FF,#555555FF,#555555FF,#555555FF,#555555FF,#555555FF,#555555FF,#555555FF,#555555FF,#555555FF,#555555FF,#00000000,#00000000,#00000000,#00000000,#00000000
#00000000,#00000000,#00000000,#00000000,#00000000,#555555FF,#555555FF,#555555FF,#555555FF,#555555FF,#555555FF,#555555FF,#555555FF,#555555FF,#555555FF,#555555FF,#555555FF,#555555FF,#555555FF,#00000000,#00000000,#00000000,#00000000,#00000000
#00000000,#00000000,#00000000,#00000000,#00000000,#00000000,#555555FF,#555555FF,#555555FF,#555555FF,#555555FF,#555555FF,#555555FF,#555555FF,#555555FF,#555555FF,#555555FF,#555555FF,#00000000,#00000000,#00000000,#00000000,#00000000,#00000000
#00000000,#00000000,#00000000,#00000000,#00000000,#00000000,#00000000,#555555FF,#555555FF,#555555FF,#555555FF,#555555FF,#555555FF,#555555FF,#555555FF,#555555FF,#555555FF,#00000000,#00000000,#00000000,#00000000,#00000000,#00000000,#00000000

#00000000,#00000000,#00000000,#00000000,#00000000,#00000000,#00000000,#00000000,#00000000,#00000000,#00000000,#00000000,#00000000,#00000000,#00000000,#00000000,#00000000,#00000000,#00000000,#00000000,#00000000,#00000000,#00000000,#00000000
#00000000,#00000000,#00000000,#00000000,#00000000,#00000000,#00000000,#00000000,#00000000,#00000000,#00000000,#00000000,#00000000,#00000000,#00000000,#00000000,#00000000,#00000000,#00000000,#00000000,#00000000,#00000000,#00000000,#00000000
#00000000,#00000000,#00000000,#00000000,#00000000,#00000000,#00000000,#00000000,#00000000,#00000000,#00000000,#00000000,#00000000,#00000000,#00000000,#00000000,#00000000,#00000000,#00000000,#00000000,#00000000,#00000000,#00000000,#00000000
#00000000,#00000000,#00000000,#00000000,#00000000,#00000000,#00000000,#00000000,#00000000,#00000000,#00000000,#00000000,#00000000,#00000000,#00000000,#00000000,#00000000,#00000000,#00000000,#00000000,#00000000,#00000000,#00000000,#00000000
#00000000,#00000000,#00000000,#00000000,#00000000,#00000000,#00000000,#00000000,#00000000,#00000000,#00000000,#555555FF,#555555FF,#00000000,#00000000,#00000000,#00000000,#00000000,#00000000,#00000000,#00000000,#00000000,#00000000,#00000000
#00000000,#00000000,#00000000,#00000000,#00000000,#00000000,#00000000,#00000000,#00000000,#00000000,#00000000,#555555FF,#555555FF,#00000000,#00000000,#00000000,#00000000,#00000000,#00000000,#00000000,#00000000,#00000000,#00000000,#00000000
#00000000,#00000000,#00000000,#00000000,#00000000,#00000000,#00000000,#00000000,#00000000,#FF7700FF,#555555FF,#555555FF,#555555FF,#555555FF,#FF7701FF,#00000000,#00000000,#00000000,#00000000,#00000000,#00000000,#00000000,#00000000,#00000000
#00000000,#00000000,#00000000,#00000000,#00000000,#00000000,#00000000,#00000000,#00000000,#555555FF,#555555FF,#555555FF,#555555FF,#555555FF,#555555FF,#00000000,#00000000,#00000000,#00000000,#00000000,#00000000,#00000000,#00000000,#00000000
#00000000,#00000000,#00000000,#00000000,#00000000,#00000000,#00000000,#00000000,#00000000,#555555FF,#555555FF,#555555FF,#555555FF,#555555FF,#555555FF,#00000000,#00000000,#00000000,#00000000,#00000000,#00000000,#00000000,#00000000,#00000000
#00000000,#00000000,#00000000,#00000000,#00000000,#00000000,#00000000,#00000000,#00000000,#555555FF,#555555FF,#555555FF,#555555FF,#555555FF,#555555FF,#00000000,#00000000,#00000000,#00000000,#00000000,#00000000,#00000000,#00000000,#00000000
#00000000,#00000000,#00000000,#00000000,#00000000,#00000000,#00000000,#00000000,#00000000,#555555FF,#555555FF,#555555FF,#555555FF,#555555FF,#555555FF,#00000000,#00000000,#00000000,#00000000,#00000000,#00000000,#00000000,#00000000,#00000000
#00000000,#00000000,#00000000,#00000000,#00000000,#00000000,#00000000,#00000000,#00000000,#555555FF,#555555FF,#555555FF,#555555FF,#555555FF,#555555FF,#00000000,#00000000,#00000000,#00000000,#00000000,#00000000,#00000000,#00000000,#00000000
#00000000,#00000000,#00000000,#00000000,#00000000,#00000000,#00000000,#00000000,#00000000,#555555FF,#555555FF,#555555FF,#555555FF,#555555FF,#555555FF,#00000000,#00000000,#00000000,#00000000,#00000000,#00000000,#00000000,#00000000,#00000000
#00000000,#00000000,#00000000,#00000000,#00000000,#00000000,#00000000,#00000000,#00000000,#555555FF,#555555FF,#555555FF,#555555FF,#555555FF,#555555FF,#00000000,#00000000,#00000000,#00000000,#00000000,#00000000,#00000000,#00000000,#00000000
#00000000,#00000000,#00000000,#00000000,#00000000,#00000000,#00000000,#00000000,#00000000,#555555FF,#555555FF,#555555FF,#555555FF,#555555FF,#555555FF,#00000000,#00000000,#00000000,#00000000,#00000000,#00000000,#00000000,#00000000,#00000000
#00000000,#00000000,#00000000,#00000000,#00000000,#00000000,#00000000,#00000000,#00000000,#555555FF,#555555FF,#555555FF,#555555FF,#555555FF,#555555FF,#00000000,#00000000,#00000000,#00000000,#00000000,#00000000,#00000000,#00000000,#00000000
#00000000,#00000000,#00000000,#00000000,#00000000,#00000000,#00000000,#00000000,#00000000,#555555FF,#555555FF,#555555FF,#555555FF,#555555FF,#555555FF,#00000000,#00000000,#00000000,#00000000,#00000000,#00000000,#00000000,#00000000,#00000000
#00000000,#00000000,#00000000,#00000000,#00000000,#00000000,#00000000,#00000000,#00000000,#555555FF,#555555FF,#555555FF,#555555FF,#555555FF,#555555FF,#00000000,#00000000,#00000000,#00000000,#00000000,#00000000,#00000000,#00000000,#00000000
#00000000,#00000000,#00000000,#00000000,#00000000,#00000000,#00000000,#00000000,#00000000,#555555FF,#FF7708FF,#555555FF,#555555FF,#FF7709FF,#555555FF,#00000000,#00000000,#00000000,#00000000,#00000000,#00000000,#00000000,#00000000,#00000000
#00000000,#00000000,#00000000,#00000000,#00000000,#00000000,#00000000,#00000000,#00000000,#555555FF,#555555FF,#555555FF,#555555FF,#555555FF,#555555FF,#00000000,#00000000,#00000000,#00000000,#00000000,#00000000,#00000000,#00000000,#00000000
#00000000,#00000000,#00000000,#00000000,#00000000,#00000000,#00000000,#00000000,#00000000,#555555FF,#555555FF,#555555FF,#555555FF,#555555FF,#555555FF,#00000000,#00000000,#00000000,#00000000,#00000000,#00000000,#00000000,#00000000,#00000000
#00000000,#00000000,#00000000,#00000000,#00000000,#00000000,#00000000,#00000000,#00000000,#555555FF,#555555FF,#555555FF,#555555FF,#555555FF,#555555FF,#00000000,#00000000,#00000000,#00000000,#00000000,#00000000,#00000000,#00000000,#00000000
#00000000,#00000000,#00000000,#00000000,#00000000,#00000000,#00000000,#00000000,#00000000,#555555FF,#555555FF,#555555FF,#555555FF,#555555FF,#555555FF,#00000000,#00000000,#00000000,#00000000,#00000000,#00000000,#00000000,#00000000,#00000000
#00000000,#00000000,#00000000,#00000000,#00000000,#00000000,#00000000,#00000000,#00000000,#555555FF,#555555FF,#555555FF,#555555FF,#555555FF,#555555FF,#00000000,#00000000,#00000000,#00000000,#00000000,#00000000,#00000000,#00000000,#00000000
#00000000,#00000000,#00000000,#00000000,#00000000,#00000000,#00000000,#00000000,#00000000,#555555FF,#555555FF,#555555FF,#555555FF,#555555FF,#555555FF,#00000000,#00000000,#00000000,#00000000,#00000000,#00000000,#00000000,#00000000,#00000000
#00000000,#00000000,#00000000,#00000000,#00000000,#00000000,#00000000,#00000000,#00000000,#555555FF,#555555FF,#555555FF,#555555FF,#555555FF,#555555FF,#00000000,#00000000,#00000000,#00000000,#00000000,#00000000,#00000000,#00000000,#00000000
#00000000,#00000000,#00000000,#00000000,#00000000,#00000000,#00000000,#00000000,#00000000,#555555FF,#555555FF,#555555FF,#555555FF,#555555FF,#555555FF,#00000000,#00000000,#00000000,#00000000,#00000000,#00000000,#00000000,#00000000,#00000000
#00000000,#00000000,#00000000,#00000000,#00000000,#00000000,#00000000,#00000000,#00000000,#555555FF,#555555FF,#555555FF,#555555FF,#555555FF,#555555FF,#00000000,#00000000,#00000000,#00000000,#00000000,#00000000,#00000000,#00000000,#00000000
#00000000,#00000000,#00000000,#00000000,#00000000,#00000000,#00000000,#00000000,#00000000,#555555FF,#555555FF,#555555FF,#555555FF,#555555FF,#555555FF,#00000000,#00000000,#00000000,#00000000,#00000000,#00000000,#00000000,#00000000,#00000000
#00000000,#00000000,#00000000,#00000000,#00000000,#00000000,#00000000,#00000000,#00000000,#555555FF,#555555FF,#555555FF,#555555FF,#555555FF,#555555FF,#00000000,#00000000,#00000000,#00000000,#00000000,#00000000,#00000000,#00000000,#00000000
#00000000,#00000000,#00000000,#00000000,#00000000,#00000000,#00000000,#00000000,#00000000,#555555FF,#555555FF,#555555FF,#555555FF,#555555FF,#555555FF,#00000000,#00000000,#00000000,#00000000,#00000000,#00000000,#00000000,#00000000,#00000000
#00000000,#00000000,#00000000,#00000000,#00000000,#00000000,#00000000,#00000000,#00000000,#555555FF,#555555FF,#555555FF,#555555FF,#555555FF,#555555FF,#00000000,#00000000,#00000000,#00000000,#00000000,#00000000,#00000000,#00000000,#00000000
#00000000,#00000000,#00000000,#00000000,#555555FF,#00000000,#00000000,#00000000,#00000000,#555555FF,#555555FF,#555555FF,#555555FF,#555555FF,#555555FF,#00000000,#00000000,#00000000,#00000000,#555555FF,#00000000,#00000000,#00000000,#00000000
#00000000,#00000000,#00000000,#00000000,#555555FF,#00000000,#00000000,#00000000,#00000000,#555555FF,#555555FF,#555555FF,#555555FF,#555555FF,#555555FF,#00000000,#00000000,#00000000,#00000000,#555555FF,#00000000,#00000000,#00000000,#00000000
#00000000,#00000000,#00000000,#00000000,#555555FF,#00000000,#00000000,#00000000,#555555FF,#555555FF,#555555FF,#555555FF,#555555FF,#555555FF,#555555FF,#555555FF,#00000000,#00000000,#00000000,#555555FF,#00000000,#00000000,#00000000,#00000000
#00000000,#00000000,#00000000,#00000000,#555555FF,#00000000,#00000000,#00000000,#00000000,#555555FF,#555555FF,#555555FF,#555555FF,#555555FF,#555555FF,#00000000,#00000000,#00000000,#00000000,#555555FF,#00000000,#00000000,#00000000,#00000000
#00000000,#00000000,#00000000,#00000000,#555555FF,#00000000,#00000000,#00000000,#555555FF,#555555FF,#555555FF,#555555FF,#555555FF,#555555FF,#555555FF,#555555FF,#00000000,#00000000,#00000000,#555555FF,#00000000,#00000000,#00000000,#00000000
#00000000,#00000000,#00000000,#00000000,#555555FF,#00000000,#00000000,#00000000,#00000000,#555555FF,#555555FF,#555555FF,#555555FF,#555555FF,#555555FF,#00000000,#00000000,#00000000,#00000000,#555555FF,#00000000,#00000000,#00000000,#00000000
#00000000,#00000000,#00000000,#00000000,#555555FF,#00000000,#00000000,#00000000,#555555FF,#555555FF,#555555FF,#555555FF,#555555FF,#555555FF,#555555FF,#555555FF,#00000000,#00000000,#00000000,#555555FF,#00000000,#00000000,#00000000,#00000000
#00000000,#00000000,#00000000,#00000000,#555555FF,#00000000,#00000000,#00000000,#00000000,#555555FF,#555555FF,#555555FF,#555555FF,#555555FF,#555555FF,#00000000,#00000000,#00000000,#00000000,#555555FF,#00000000,#00000000,#00000000,#00000000
#00000000,#00000000,#00000000,#00000000,#555555FF,#00000000,#00000000,#00000000,#555555FF,#555555FF,#555555FF,#555555FF,#555555FF,#555555FF,#555555FF,#555555FF,#00000000,#00000000,#00000000,#555555FF,#00000000,#00000000,#00000000,#00000000
#00000000,#00000000,#00000000,#00000000,#00000000,#00000000,#00000000,#00000000,#00000000,#555555FF,#555555FF,#555555FF,#555555FF,#555555FF,#555555FF,#00000000,#00000000,#00000000,#00000000,#00000000,#00000000,#00000000,#00000000,#00000000
#00000000,#00000000,#00000000,#00000000,#00000000,#00000000,#00000000,#00000000,#00000000,#555555FF,#555555FF,#555555FF,#555555FF,#555555FF,#555555FF,#00000000,#00000000,#00000000,#00000000,#00000000,#00000000,#00000000,#00000000,#00000000
#00000000,#00000000,#00000000,#00000000,#00000000,#00000000,#00000000,#00000000,#00000000,#00000000,#555555FF,#555555FF,#555555FF,#555555FF,#00000000,#00000000,#00000000,#00000000,#00000000,#00000000,#00000000,#00000000,#00000000,#00000000
#00000000,#00000000,#00000000,#00000000,#00000000,#00000000,#00000000,#00000000,#00000000,#00000000,#00000000,#00000000,#00000000,#00000000,#00000000,#00000000,#00000000,#00000000,#00000000,#00000000,#00000000,#00000000,#00000000,#00000000

#00000000,#00000000,#00000000,#00000000,#00000000,#00000000,#00000000,#00000000,#00000000,#00000000,#555555FF,#00000000,#00000000,#00000000,#00000000,#00000000,#00000000,#00000000,#00000000,#00000000,#00000000,#00000000,#00000000,#00000000
#00000000,#00000000,#00000000,#00000000,#00000000,#00000000,#00000000,#00000000,#00000000,#00000000,#555555FF,#00000000,#00000000,#00000000,#00000000,#00000000,#00000000,#00000000,#00000000,#00000000,#00000000,#00000000,#00000000,#00000000
#00000000,#00000000,#00000000,#00000000,#00000000,#00000000,#00000000,#00000000,#00000000,#00000000,#555555FF,#00000000,#00000000,#00000000,#00000000,#00000000,#00000000,#00000000,#00000000,#00000000,#00000000,#00000000,#00000000,#00000000
#00000000,#00000000,#00000000,#00000000,#00000000,#00000000,#00000000,#00000000,#00000000,#00000000,#555555FF,#555555FF,#555555FF,#00000000,#00000000,#00000000,#00000000,#00000000,#00000000,#00000000,#00000000,#00000000,#00000000,#00000000
#00000000,#00000000,#00000000,#00000000,#00000000,#00000000,#00000000,#00000000,#00000000,#555555FF,#555555FF,#555555FF,#555555FF,#555555FF,#555555FF,#00000000,#00000000,#00000000,#00000000,#00000000,#00000000,#00000000,#00000000,#00000000
#00000000,#00000000,#00000000,#00000000,#00000000,#00000000,#00000000,#00000000,#00000000,#555555FF,#555555FF,#555555FF,#555555FF,#555555FF,#555555FF,#00000000,#00000000,#00000000,#00000000,#00000000,#00000000,#00000000,#00000000,#00000000
#00000000,#00000000,#00000000,#00000000,#00000000,#00000000,#00000000,#00000000,#00000000,#555555FF,#555555FF,#555555FF,#555555FF,#555555FF,#555555FF,#00000000,#00000000,#00000000,#00000000,#00000000,#00000000,#00000000,#00000000,#00000000
#00000000,#00000000,#00000000,#00000000,#00000000,#00000000,#00000000,#00000000,#00000000,#555555FF,#555555FF,#555555FF,#555555FF,#555555FF,#555555FF,#00000000,#00000000,#00000000,#00000000,#00000000,#00000000,#00000000,#00000000,#00000000
#00000000,#00000000,#00000000,#00000000,#00000000,#00000000,#00000000,#00000000,#00000000,#555555FF,#555555FF,#555555FF,#555555FF,#555555FF,#555555FF,#00000000,#00000000,#00000000,#00000000,#00000000,#00000000,#00000000,#00000000,#00000000
#00000000,#00000000,#00000000,#00000000,#00000000,#00000000,#00000000,#00000000,#00000000,#555555FF,#555555FF,#555555FF,#555555FF,#555555FF,#555555FF,#00000000,#00000000,#00000000,#00000000,#00000000,#00000000,#00000000,#00000000,#00000000
#00000000,#00000000,#00000000,#00000000,#00000000,#00000000,#00000000,#00000000,#00000000,#555555FF,#007700FF,#555555FF,#555555FF,#007700FF,#555555FF,#00000000,#00000000,#00000000,#00000000,#00000000,#00000000,#00000000,#00000000,#00000000
#00000000,#00000000,#00000000,#00000000,#00000000,#00000000,#00000000,#00000000,#00000000,#555555FF,#007700FF,#555555FF,#555555FF,#007700FF,#555555FF,#00000000,#00000000,#00000000,#00000000,#00000000,#00000000,#00000000,#00000000,#00000000
#00000000,#00000000,#00000000,#00000000,#00000000,#00000000,#00000000,#00000000,#00000000,#555555FF,#007700FF,#555555FF,#555555FF,#007700FF,#555555FF,#00000000,#00000000,#00000000,#00000000,#00000000,#00000000,#00000000,#00000000,#00000000
#00000000,#00000000,#00000000,#00000000,#00000000,#00000000,#00000000,#00000000,#00000000,#555555FF,#007700FF,#555555FF,#555555FF,#007700FF,#555555FF,#00000000,#00000000,#00000000,#00000000,#00000000,#00000000,#00000000,#00000000,#00000000
#00000000,#00000000,#00000000,#00000000,#00000000,#00000000,#00000000,#00000000,#00000000,#555555FF,#007700FF,#555555FF,#555555FF,#007700FF,#555555FF,#00000000,#00000000,#00000000,#00000000,#00000000,#00000000,#00000000,#00000000,#00000000
#00000000,#00000000,#00000000,#00000000,#00000000,#00000000,#00000000,#00000000,#00000000,#555555FF,#555555FF,#555555FF,#555555FF,#555555FF,#555555FF,#00000000,#00000000,#00000000,#00000000,#00000000,#00000000,#00000000,#00000000,#00000000
#00000000,#00000000,#00000000,#00000000,#00000000,#00000000,#00000000,#00000000,#00000000,#555555FF,#555555FF,#555555FF,#555555FF,#555555FF,#555555FF,#00000000,#00000000,#00000000,#00000000,#00000000,#00000000,#00000000,#00000000,#00000000
#00000000,#00000000,#00000000,#00000000,#00000000,#00000000,#00000000,#00000000,#00000000,#555555FF,#555555FF,#555555FF,#555555FF,#555555FF,#555555FF,#00000000,#00000000,#00000000,#00000000,#00000000,#00000000,#00000000,#00000000,#00000000
#00000000,#00000000,#00000000,#00000000,#00000000,#00000000,#00000000,#00000000,#00000000,#555555FF,#555555FF,#555555FF,#555555FF,#555555FF,#555555FF,#00000000,#00000000,#00000000,#00000000,#00000000,#00000000,#00000000,#00000000,#00000000
#00000000,#00000000,#00000000,#00000000,#00000000,#00000000,#00000000,#00000000,#00000000,#555555FF,#555555FF,#555555FF,#555555FF,#555555FF,#555555FF,#00000000,#00000000,#00000000,#00000000,#00000000,#00000000,#00000000,#00000000,#00000000
#00000000,#00000000,#00000000,#00000000,#00000000,#00000000,#00000000,#00000000,#00000000,#555555FF,#555555FF,#555555FF,#555555FF,#555555FF,#555555FF,#00000000,#00000000,#00000000,#00000000,#00000000,#00000000,#00000000,#00000000,#00000000
#00000000,#00000000,#00000000,#00000000,#00000000,#00000000,#00000000,#00000000,#00000000,#555555FF,#555555FF,#555555FF,#555555FF,#555555FF,#555555FF,#00000000,#00000000,#00000000,#00000000,#00000000,#00000000,#00000000,#00000000,#00000000
#00000000,#00000000,#00000000,#00000000,#00000000,#00000000,#00000000,#00000000,#FF7702FF,#555555FF,#555555FF,#555555FF,#555555FF,#555555FF,#555555FF,#FF7703FF,#00000000,#00000000,#00000000,#00000000,#00000000,#00000000,#00000000,#00000000
#00000000,#00000000,#00000000,#00000000,#00000000,#00000000,#00000000,#00000000,#555555FF,#555555FF,#555555FF,#555555FF,#555555FF,#555555FF,#555555FF,#555555FF,#00000000,#00000000,#00000000,#00000000,#00000000,#00000000,#00000000,#00000000
#00000000,#00000000,#00000000,#00000000,#00000000,#00000000,#00000000,#00000000,#555555FF,#555555FF,#555555FF,#555555FF,#555555FF,#555555FF,#555555FF,#555555FF,#00000000,#00000000,#00000000,#00000000,#00000000,#00000000,#00000000,#00000000
#00000000,#00000000,#00000000,#00000000,#00000000,#00000000,#00000000,#00000000,#555555FF,#555555FF,#555555FF,#555555FF,#555555FF,#555555FF,#555555FF,#555555FF,#00000000,#00000000,#00000000,#00000000,#00000000,#00000000,#00000000,#00000000
#00000000,#00000000,#00000000,#00000000,#00000000,#00000000,#00000000,#00000000,#555555FF,#555555FF,#555555FF,#555555FF,#555555FF,#555555FF,#555555FF,#555555FF,#00000000,#00000000,#00000000,#00000000,#00000000,#00000000,#00000000,#00000000
#00000000,#00000000,#00000000,#00000000,#00000000,#00000000,#00000000,#00000000,#555555FF,#555555FF,#555555FF,#555555FF,#555555FF,#555555FF,#555555FF,#555555FF,#00000000,#00000000,#00000000,#00000000,#00000000,#00000000,#00000000,#00000000
#00000000,#00000000,#00000000,#00000000,#00000000,#00000000,#00000000,#00000000,#555555FF,#555555FF,#555555FF,#555555FF,#555555FF,#555555FF,#555555FF,#555555FF,#00000000,#00000000,#00000000,#00000000,#00000000,#00000000,#00000000,#00000000
#00000000,#00000000,#00000000,#00000000,#00000000,#00000000,#00000000,#00000000,#555555FF,#555555FF,#555555FF,#555555FF,#555555FF,#555555FF,#555555FF,#555555FF,#00000000,#00000000,#00000000,#00000000,#00000000,#00000000,#00000000,#00000000
#00000000,#00000000,#00000000,#00000000,#00000000,#00000000,#00000000,#00000000,#555555FF,#555555FF,#555555FF,#555555FF,#555555FF,#555555FF,#555555FF,#555555FF,#00000000,#00000000,#00000000,#00000000,#00000000,#00000000,#00000000,#00000000
#00000000,#00000000,#00000000,#00000000,#00000000,#00000000,#00000000,#00000000,#555555FF,#555555FF,#555555FF,#555555FF,#00FFFFFF,#555555FF,#555555FF,#555555FF,#00000000,#00000000,#00000000,#00000000,#00000000,#00000000,#00000000,#00000000
#00000000,#00000000,#00000000,#00000000,#00000000,#00000000,#00000000,#00000000,#555555FF,#555555FF,#555555FF,#555555FF,#555555FF,#555555FF,#555555FF,#555555FF,#00000000,#00000000,#00000000,#00000000,#00000000,#00000000,#00000000,#00000000
#00000000,#00000000,#00000000,#00000000,#00000000,#00000000,#00000000,#00000000,#555555FF,#555555FF,#555555FF,#555555FF,#555555FF,#555555FF,#555555FF,#555555FF,#00000000,#00000000,#00000000,#00000000,#00000000,#00000000,#00000000,#00000000
#00000000,#00000000,#00000000,#00000000,#00000000,#00000000,#555555FF,#555555FF,#555555FF,#555555FF,#555555FF,#555555FF,#555555FF,#555555FF,#555555FF,#555555FF,#555555FF,#555555FF,#00000000,#00000000,#00000000,#00000000,#00000000,#00000000
#00000000,#00000000,#00000000,#00000000,#00000000,#00000000,#00000000,#00000000,#00000000,#555555FF,#555555FF,#555555FF,#555555FF,#555555FF,#555555FF,#00000000,#00000000,#00000000,#00000000,#00000000,#00000000,#00000000,#00000000,#00000000
#00000000,#00000000,#00000000,#00000000,#00000000,#00000000,#555555FF,#555555FF,#555555FF,#555555FF,#555555FF,#555555FF,#555555FF,#555555FF,#555555FF,#555555FF,#555555FF,#555555FF,#00000000,#00000000,#00000000,#00000000,#00000000,#00000000
#00000000,#00000000,#00000000,#00000000,#00000000,#00000000,#00000000,#00000000,#00000000,#555555FF,#555555FF,#555555FF,#555555FF,#555555FF,#555555FF,#00000000,#00000000,#00000000,#00000000,#00000000,#00000000,#00000000,#00000000,#00000000
#00000000,#00000000,#00000000,#00000000,#00000000,#00000000,#555555FF,#555555FF,#555555FF,#555555FF,#00000000,#555555FF,#555555FF,#555555FF,#555555FF,#555555FF,#555555FF,#555555FF,#00000000,#00000000,#00000000,#00000000,#00000000,#00000000
#00000000,#00000000,#00000000,#00000000,#00000000,#00000000,#00000000,#00000000,#00000000,#555555FF,#00000000,#555555FF,#555555FF,#555555FF,#555555FF,#00000000,#00000000,#00000000,#00000000,#00000000,#00000000,#00000000,#00000000,#00000000
#00000000,#00000000,#00000000,#00000000,#00000000,#00000000,#555555FF,#555555FF,#555555FF,#555555FF,#555555FF,#555555FF,#555555FF,#555555FF,#555555FF,#555555FF,#555555FF,#555555FF,#00000000,#00000000,#00000000,#00000000,#00000000,#00000000
#00000000,#00000000,#00000000,#00000000,#00000000,#00000000,#00000000,#00000000,#00000000,#555555FF,#555555FF,#555555FF,#555555FF,#555555FF,#555555FF,#00000000,#00000000,#00000000,#00000000,#00000000,#00000000,#00000000,#00000000,#00000000
#00000000,#00000000,#00000000,#00000000,#00000000,#00000000,#00000000,#00000000,#00000000,#00000000,#555555FF,#555555FF,#555555FF,#555555FF,#00000000,#00000000,#00000000,#00000000,#00000000,#00000000,#00000000,#00000000,#00000000,#00000000
#00000000,#00000000,#00000000,#00000000,#00000000,#00000000,#00000000,#00000000,#00000000,#00000000,#00000000,#00000000,#00000000,#00000000,#00000000,#00000000,#00000000,#00000000,#00000000,#00000000,#00000000,#00000000,#00000000,#00000000
#00000000,#00000000,#00000000,#00000000,#00000000,#00000000,#00000000,#00000000,#00000000,#00000000,#00000000,#00000000,#00000000,#00000000,#00000000,#00000000,#00000000,#00000000,#00000000,#00000000,#00000000,#00000000,#00000000,#00000000

#00000000,#00000000,#00000000,#00000000,#00000000,#00000000,#00000000,#00000000,#00000000,#00000000,#00000000,#00000000,#00000000,#00000000,#00000000,#00000000,#00000000,#00000000,#00000000,#00000000,#00000000,#00000000,#00000000,#00000000
#00000000,#00000000,#00000000,#00000000,#00000000,#00000000,#00000000,#00000000,#00000000,#00000000,#00000000,#00000000,#00000000,#00000000,#00000000,#00000000,#00000000,#00000000,#00000000,#00000000,#00000000,#00000000,#00000000,#00000000
#00000000,#00000000,#00000000,#00000000,#00000000,#00000000,#00000000,#00000000,#00000000,#555555FF,#555555FF,#555555FF,#555555FF,#555555FF,#555555FF,#00000000,#00000000,#00000000,#00000000,#00000000,#00000000,#00000000,#00000000,#00000000
#00000000,#00000000,#00000000,#00000000,#00000000,#00000000,#00000000,#00000000,#00000000,#555555FF,#555555FF,#555555FF,#555555FF,#555555FF,#555555FF,#00000000,#00000000,#00000000,#00000000,#00000000,#00000000,#00000000,#00000000,#00000000
#00000000,#00000000,#00000000,#00000000,#00000000,#00000000,#00000000,#00000000,#00000000,#555555FF,#555555FF,#555555FF,#555555FF,#555555FF,#555555FF,#00000000,#00000000,#00000000,#00000000,#00000000,#00000000,#00000000,#00000000,#00000000
#00000000,#00000000,#00000000,#00000000,#00000000,#00000000,#00000000,#00000000,#00000000,#555555FF,#555555FF,#555555FF,#555555FF,#555555FF,#555555FF,#00000000,#00000000,#00000000,#00000000,#00000000,#00000000,#00000000,#00000000,#00000000
#00000000,#00000000,#00000000,#00000000,#00000000,#00000000,#00000000,#00000000,#00000000,#555555FF,#555555FF,#555555FF,#555555FF,#555555FF,#555555FF,#00000000,#00000000,#00000000,#00000000,#00000000,#00000000,#00000000,#00000000,#00000000
#00000000,#00000000,#00000000,#00000000,#00000000,#00000000,#00000000,#00000000,#00000000,#555555FF,#555555FF,#555555FF,#555555FF,#555555FF,#555555FF,#00000000,#00000000,#00000000,#00000000,#00000000,#00000000,#00000000,#00000000,#00000000
#00000000,#00000000,#00000000,#00000000,#00000000,#00000000,#00000000,#00000000,#555555FF,#555555FF,#555555FF,#555555FF,#555555FF,#555555FF,#555555FF,#555555FF,#00000000,#00000000,#00000000,#00000000,#00000000,#00000000,#00000000,#00000000
#00000000,#00000000,#00000000,#00000000,#00000000,#00000000,#00000000,#00000000,#555555FF,#555555FF,#555555FF,#555555FF,#555555FF,#555555FF,#555555FF,#555555FF,#00000000,#00000000,#00000000,#00000000,#00000000,#00000000,#00000000,#00000000
#00000000,#00000000,#00000000,#00000000,#00000000,#00000000,#00000000,#00000000,#555555FF,#555555FF,#555555FF,#555555FF,#555555FF,#555555FF,#555555FF,#555555FF,#00000000,#00000000,#00000000,#00000000,#00000000,#00000000,#00000000,#00000000
#00000000,#00000000,#00000000,#00000000,#00000000,#00000000,#00000000,#00000000,#555555FF,#555555FF,#555555FF,#555555FF,#555555FF,#555555FF,#555555FF,#555555FF,#00000000,#00000000,#00000000,#00000000,#00000000,#00000000,#00000000,#00000000
#00000000,#00000000,#00000000,#00000000,#00000000,#00000000,#00000000,#00000000,#555555FF,#555555FF,#555555FF,#555555FF,#555555FF,#555555FF,#555555FF,#555555FF,#00000000,#00000000,#00000000,#00000000,#00000000,#00000000,#00000000,#00000000
#00000000,#00000000,#00000000,#00000000,#00000000,#00000000,#00000000,#00000000,#555555FF,#555555FF,#555555FF,#555555FF,#555555FF,#555555FF,#555555FF,#555555FF,#00000000,#00000000,#00000000,#00000000,#00000000,#00000000,#00000000,#00000000
#00000000,#00000000,#00000000,#00000000,#00000000,#00000000,#00000000,#00000000,#555555FF,#555555FF,#555555FF,#555555FF,#555555FF,#555555FF,#555555FF,#555555FF,#00000000,#00000000,#00000000,#00000000,#00000000,#00000000,#00000000,#00000000
#00000000,#00000000,#00000000,#00000000,#00000000,#00000000,#00000000,#00000000,#555555FF,#555555FF,#555555FF,#555555FF,#555555FF,#555555FF,#555555FF,#555555FF,#00000000,#00000000,#00000000,#00000000,#00000000,#00000000,#00000000,#00000000
#00000000,#00000000,#00000000,#00000000,#00000000,#00000000,#00000000,#00000000,#555555FF,#555555FF,#555555FF,#555555FF,#555555FF,#555555FF,#555555FF,#555555FF,#00000000,#00000000,#00000000,#00000000,#00000000,#00000000,#00000000,#00000000
#00000000,#00000000,#00000000,#00000000,#00000000,#00000000,#00000000,#00000000,#555555FF,#555555FF,#555555FF,#555555FF,#555555FF,#555555FF,#555555FF,#555555FF,#00000000,#00000000,#00000000,#00000000,#00000000,#00000000,#00000000,#00000000
#00000000,#00000000,#00000000,#00000000,#00000000,#00000000,#00000000,#00000000,#555555FF,#555555FF,#555555FF,#555555FF,#555555FF,#555555FF,#555555FF,#555555FF,#00000000,#00000000,#00000000,#00000000,#00000000,#00000000,#00000000,#00000000
#00000000,#00000000,#00000000,#00000000,#00000000,#00000000,#00000000,#00000000,#555555FF,#555555FF,#555555FF,#555555FF,#555555FF,#555555FF,#555555FF,#555555FF,#00000000,#00000000,#00000000,#00000000,#00000000,#00000000,#00000000,#00000000
#00000000,#00000000,#00000000,#00000000,#00000000,#00000000,#00000000,#00000000,#555555FF,#555555FF,#555555FF,#555555FF,#555555FF,#555555FF,#555555FF,#555555FF,#00000000,#00000000,#00000000,#00000000,#00000000,#00000000,#00000000,#00000000
#00000000,#00000000,#00000000,#00000000,#00000000,#00000000,#00000000,#00000000,#555555FF,#555555FF,#555555FF,#555555FF,#555555FF,#555555FF,#555555FF,#555555FF,#00000000,#00000000,#00000000,#00000000,#00000000,#00000000,#00000000,#00000000
#00000000,#00000000,#00000000,#00000000,#00000000,#00000000,#00000000,#00000000,#555555FF,#555555FF,#555555FF,#555555FF,#555555FF,#555555FF,#555555FF,#555555FF,#00000000,#00000000,#00000000,#00000000,#00000000,#00000000,#00000000,#00000000
#00000000,#00000000,#00000000,#00000000,#00000000,#00000000,#00000000,#00000000,#555555FF,#555555FF,#555555FF,#555555FF,#555555FF,#555555FF,#555555FF,#555555FF,#00000000,#00000000,#00000000,#00000000,#00000000,#00000000,#00000000,#00000000
#00000000,#00000000,#00000000,#00000000,#00000000,#00000000,#00000000,#00000000,#555555FF,#555555FF,#555555FF,#555555FF,#555555FF,#555555FF,#555555FF,#555555FF,#00000000,#00000000,#00000000,#00000000,#00000000,#00000000,#00000000,#00000000
#00000000,#00000000,#00000000,#00000000,#00000000,#00000000,#00000000,#00000000,#555555FF,#555555FF,#555555FF,#555555FF,#555555FF,#555555FF,#555555FF,#555555FF,#00000000,#00000000,#00000000,#00000000,#00000000,#00000000,#00000000,#00000000
#00000000,#00000000,#00000000,#00000000,#00000000,#00000000,#00000000,#00000000,#555555FF,#555555FF,#555555FF,#555555FF,#555555FF,#555555FF,#555555FF,#555555FF,#00000000,#00000000,#00000000,#00000000,#00000000,#00000000,#00000000,#00000000
#00000000,#00000000,#00000000,#00000000,#00000000,#00000000,#00000000,#00000000,#555555FF,#555555FF,#555555FF,#555555FF,#555555FF,#555555FF,#555555FF,#555555FF,#00000000,#00000000,#00000000,#00000000,#00000000,#00000000,#00000000,#00000000
#00000000,#00000000,#00000000,#00000000,#00000000,#00000000,#00000000,#00000000,#555555FF,#555555FF,#555555FF,#555555FF,#555555FF,#555555FF,#555555FF,#555555FF,#00000000,#00000000,#00000000,#00000000,#00000000,#00000000,#00000000,#00000000
#00000000,#00000000,#00000000,#00000000,#00000000,#00000000,#00000000,#00000000,#555555FF,#555555FF,#555555FF,#555555FF,#555555FF,#555555FF,#555555FF,#555555FF,#00000000,#00000000,#00000000,#00000000,#00000000,#00000000,#00000000,#00000000
#00000000,#00000000,#00000000,#00000000,#00000000,#00000000,#00000000,#00000000,#555555FF,#555555FF,#555555FF,#555555FF,#555555FF,#555555FF,#555555FF,#555555FF,#00000000,#00000000,#00000000,#00000000,#00000000,#00000000,#00000000,#00000000
#00000000,#555555FF,#555555FF,#555555FF,#555555FF,#555555FF,#00000000,#00000000,#555555FF,#555555FF,#555555FF,#555555FF,#555555FF,#555555FF,#555555FF,#555555FF,#00000000,#00000000,#555555FF,#555555FF,#555555FF,#555555FF,#555555FF,#00000000
#00000000,#555555FF,#555555FF,#555555FF,#555555FF,#555555FF,#555555FF,#555555FF,#555555FF,#555555FF,#555555FF,#555555FF,#555555FF,#555555FF,#555555FF,#555555FF,#555555FF,#555555FF,#555555FF,#555555FF,#555555FF,#555555FF,#555555FF,#00000000
#00000000,#555555FF,#555555FF,#555555FF,#555555FF,#555555FF,#555555FF,#555555FF,#555555FF,#555555FF,#555555FF,#555555FF,#555555FF,#555555FF,#555555FF,#555555FF,#555555FF,#555555FF,#555555FF,#555555FF,#555555FF,#555555FF,#555555FF,#00000000
#00000000,#555555FF,#555555FF,#555555FF,#555555FF,#555555FF,#555555FF,#555555FF,#555555FF,#555555FF,#555555FF,#555555FF,#555555FF,#555555FF,#555555FF,#555555FF,#555555FF,#555555FF,#555555FF,#555555FF,#555555FF,#555555FF,#555555FF,#00000000
#00000000,#555555FF,#555555FF,#555555FF,#555555FF,#555555FF,#555555FF,#555555FF,#555555FF,#555555FF,#555555FF,#555555FF,#555555FF,#555555FF,#555555FF,#555555FF,#555555FF,#555555FF,#555555FF,#555555FF,#555555FF,#555555FF,#555555FF,#00000000
#00000000,#555555FF,#555555FF,#555555FF,#555555FF,#555555FF,#555555FF,#555555FF,#555555FF,#555555FF,#555555FF,#555555FF,#555555FF,#555555FF,#555555FF,#555555FF,#555555FF,#555555FF,#555555FF,#555555FF,#555555FF,#555555FF,#555555FF,#00000000
#00000000,#555555FF,#555555FF,#555555FF,#555555FF,#555555FF,#555555FF,#555555FF,#555555FF,#555555FF,#555555FF,#555555FF,#555555FF,#555555FF,#555555FF,#555555FF,#555555FF,#555555FF,#555555FF,#555555FF,#555555FF,#555555FF,#555555FF,#00000000
#00000000,#555555FF,#555555FF,#555555FF,#555555FF,#555555FF,#555555FF,#555555FF,#555555FF,#555555FF,#555555FF,#555555FF,#555555FF,#555555FF,#555555FF,#555555FF,#555555FF,#555555FF,#555555FF,#555555FF,#555555FF,#555555FF,#555555FF,#00000000
#00000000,#555555FF,#555555FF,#555555FF,#555555FF,#555555FF,#555555FF,#555555FF,#555555FF,#555555FF,#555555FF,#555555FF,#555555FF,#555555FF,#555555FF,#555555FF,#555555FF,#555555FF,#555555FF,#555555FF,#555555FF,#555555FF,#555555FF,#00000000
#00000000,#555555FF,#555555FF,#555555FF,#555555FF,#555555FF,#555555FF,#555555FF,#555555FF,#555555FF,#555555FF,#555555FF,#555555FF,#555555FF,#555555FF,#555555FF,#555555FF,#555555FF,#555555FF,#555555FF,#555555FF,#555555FF,#555555FF,#00000000
#00000000,#555555FF,#555555FF,#555555FF,#555555FF,#555555FF,#555555FF,#555555FF,#555555FF,#555555FF,#555555FF,#555555FF,#555555FF,#555555FF,#555555FF,#555555FF,#555555FF,#555555FF,#555555FF,#555555FF,#555555FF,#555555FF,#555555FF,#00000000
#00000000,#555555FF,#555555FF,#555555FF,#555555FF,#555555FF,#00000000,#00000000,#00000000,#00000000,#00000000,#00000000,#00000000,#00000000,#00000000,#00000000,#00000000,#00000000,#555555FF,#555555FF,#555555FF,#555555FF,#555555FF,#00000000
#00000000,#00000000,#00000000,#00000000,#00000000,#00000000,#00000000,#00000000,#00000000,#00000000,#00000000,#00000000,#00000000,#00000000,#00000000,#00000000,#00000000,#00000000,#00000000,#00000000,#00000000,#00000000,#00000000,#00000000
#00000000,#00000000,#00000000,#00000000,#00000000,#00000000,#00000000,#00000000,#00000000,#00000000,#00000000,#00000000,#00000000,#00000000,#00000000,#00000000,#00000000,#00000000,#00000000,#00000000,#00000000,#00000000,#00000000,#00000000

#00000000,#00000000,#00000000,#00000000,#00000000,#00000000,#00000000,#00000000,#00000000,#00000000,#00000000,#00000000,#00000000,#00000000,#00000000,#00000000,#00000000,#00000000,#00000000,#00000000,#00000000,#00000000,#00000000,#00000000
#00000000,#00000000,#00000000,#00000000,#00000000,#00000000,#00000000,#00000000,#00000000,#555555FF,#555555FF,#555555FF,#555555FF,#555555FF,#555555FF,#00000000,#00000000,#00000000,#00000000,#00000000,#00000000,#00000000,#00000000,#00000000
#00000000,#00000000,#00000000,#00000000,#00000000,#00000000,#00000000,#00000000,#00000000,#555555FF,#555555FF,#555555FF,#555555FF,#555555FF,#555555FF,#00000000,#00000000,#00000000,#00000000,#00000000,#00000000,#00000000,#00000000,#00000000
#00000000,#00000000,#00000000,#00000000,#00000000,#00000000,#00000000,#00000000,#00000000,#555555FF,#555555FF,#555555FF,#555555FF,#555555FF,#555555FF,#00000000,#00000000,#00000000,#00000000,#00000000,#00000000,#00000000,#00000000,#00000000
#00000000,#00000000,#00000000,#00000000,#00000000,#00000000,#00000000,#00000000,#00000000,#555555FF,#555555FF,#555555FF,#555555FF,#555555FF,#555555FF,#00000000,#00000000,#00000000,#00000000,#00000000,#00000000,#00000000,#00000000,#00000000
#00000000,#00000000,#00000000,#00000000,#00000000,#00000000,#00000000,#00000000,#00000000,#555555FF,#555555FF,#555555FF,#555555FF,#555555FF,#555555FF,#00000000,#00000000,#00000000,#00000000,#00000000,#00000000,#00000000,#00000000,#00000000
#00000000,#00000000,#00000000,#00000000,#00000000,#00000000,#00000000,#00000000,#00000000,#555555FF,#555555FF,#555555FF,#555555FF,#555555FF,#555555FF,#00000000,#00000000,#00000000,#00000000,#00000000,#00000000,#00000000,#00000000,#00000000
#00000000,#00000000,#00000000,#00000000,#00000000,#00000000,#00000000,#00000000,#00000000,#555555FF,#555555FF,#555555FF,#555555FF,#555555FF,#555555FF,#00000000,#00000000,#00000000,#00000000,#00000000,#00000000,#00000000,#00000000,#00000000
#00000000,#00000000,#00000000,#00000000,#00000000,#00000000,#00000000,#00000000,#00000000,#555555FF,#555555FF,#555555FF,#555555FF,#555555FF,#555555FF,#00000000,#00000000,#00000000,#00000000,#00000000,#00000000,#00000000,#00000000,#00000000
#00000000,#00000000,#00000000,#00000000,#00000000,#00000000,#00000000,#555555FF,#00000000,#555555FF,#555555FF,#555555FF,#555555FF,#555555FF,#555555FF,#00000000,#555555FF,#00000000,#00000000,#00000000,#00000000,#00000000,#00000000,#00000000
#00000000,#00000000,#00000000,#00000000,#00000000,#00000000,#00000000,#555555FF,#00000000,#555555FF,#555555FF,#555555FF,#555555FF,#555555FF,#555555FF,#00000000,#555555FF,#00000000,#00000000,#00000000,#00000000,#00000000,#00000000,#00000000
#00000000,#00000000,#00000000,#00000000,#00000000,#00000000,#00000000,#555555FF,#00000000,#555555FF,#555555FF,#555555FF,#555555FF,#555555FF,#555555FF,#00000000,#555555FF,#00000000,#00000000,#00000000,#00000000,#00000000,#00000000,#00000000
#00000000,#00000000,#00000000,#00000000,#00000000,#00000000,#00000000,#555555FF,#00000000,#555555FF,#555555FF,#555555FF,#555555FF,#555555FF,#555555FF,#00000000,#555555FF,#00000000,#00000000,#00000000,#00000000,#00000000,#00000000,#00000000
#00000000,#00000000,#00000000,#00000000,#00000000,#00000000,#00000000,#555555FF,#00000000,#555555FF,#555555FF,#555555FF,#555555FF,#555555FF,#555555FF,#00000000,#555555FF,#00000000,#00000000,#00000000,#00000000,#00000000,#00000000,#00000000
#00000000,#00000000,#00000000,#00000000,#00000000,#00000000,#00000000,#555555FF,#00000000,#555555FF,#555555FF,#555555FF,#555555FF,#555555FF,#555555FF,#00000000,#555555FF,#00000000,#00000000,#00000000,#00000000,#00000000,#00000000,#00000000
#00000000,#00000000,#00000000,#00000000,#00000000,#00000000,#00000000,#00000000,#00000000,#555555FF,#555555FF,#555555FF,#555555FF,#555555FF,#555555FF,#00000000,#00000000,#00000000,#00000000,#00000000,#00000000,#00000000,#00000000,#00000000
#00000000,#00000000,#00000000,#00000000,#00000000,#00000000,#00000000,#00000000,#00000000,#555555FF,#555555FF,#555555FF,#555555FF,#555555FF,#555555FF,#00000000,#00000000,#00000000,#00000000,#00000000,#00000000,#00000000,#00000000,#00000000
#00000000,#00000000,#00000000,#00000000,#00000000,#00000000,#00000000,#00000000,#00000000,#555555FF,#555555FF,#555555FF,#555555FF,#555555FF,#555555FF,#00000000,#00000000,#00000000,#00000000,#00000000,#00000000,#00000000,#00000000,#00000000
#00000000,#00000000,#00000000,#00000000,#00000000,#00000000,#00000000,#00000000,#00000000,#555555FF,#555555FF,#555555FF,#555555FF,#555555FF,#555555FF,#00000000,#00000000,#00000000,#00000000,#00000000,#00000000,#00000000,#00000000,#00000000
#00000000,#00000000,#00000000,#00000000,#00000000,#00000000,#00000000,#00000000,#00000000,#555555FF,#555555FF,#555555FF,#555555FF,#555555FF,#555555FF,#00000000,#00000000,#00000000,#00000000,#00000000,#00000000,#00000000,#00000000,#00000000
#00000000,#00000000,#00000000,#00000000,#00000000,#00000000,#00000000,#00000000,#00000000,#555555FF,#555555FF,#555555FF,#555555FF,#555555FF,#555555FF,#00000000,#00000000,#00000000,#00000000,#00000000,#00000000,#00000000,#00000000,#00000000
#00000000,#00000000,#00000000,#00000000,#00000000,#00000000,#00000000,#00000000,#FF7704FF,#555555FF,#555555FF,#555555FF,#555555FF,#555555FF,#555555FF,#FF7705FF,#00000000,#00000000,#00000000,#00000000,#00000000,#00000000,#00000000,#00000000
#00000000,#00000000,#00000000,#00000000,#00000000,#00000000,#00000000,#00000000,#555555FF,#555555FF,#555555FF,#555555FF,#555555FF,#555555FF,#555555FF,#555555FF,#00000000,#00000000,#00000000,#00000000,#00000000,#00000000,#00000000,#00000000
#00000000,#00000000,#00000000,#00000000,#00000000,#00000000,#00000000,#00000000,#555555FF,#555555FF,#555555FF,#555555FF,#555555FF,#555555FF,#555555FF,#555555FF,#00000000,#00000000,#00000000,#00000000,#00000000,#00000000,#00000000,#00000000
#00000000,#00000000,#00000000,#00000000,#00000000,#00000000,#00000000,#00000000,#555555FF,#555555FF,#555555FF,#555555FF,#555555FF,#555555FF,#555555FF,#555555FF,#00000000,#00000000,#00000000,#00000000,#00000000,#00000000,#00000000,#00000000
#00000000,#00000000,#00000000,#00000000,#00000000,#00000000,#00000000,#00000000,#555555FF,#555555FF,#555555FF,#555555FF,#555555FF,#555555FF,#555555FF,#555555FF,#00000000,#00000000,#00000000,#00000000,#00000000,#00000000,#00000000,#00000000
#00000000,#00000000,#00000000,#00000000,#00000000,#00000000,#00000000,#00000000,#555555FF,#555555FF,#555555FF,#555555FF,#555555FF,#555555FF,#555555FF,#555555FF,#00000000,#00000000,#00000000,#00000000,#00000000,#00000000,#00000000,#00000000
#00000000,#00000000,#00000000,#00000000,#00000000,#00000000,#00000000,#00000000,#555555FF,#555555FF,#555555FF,#555555FF,#555555FF,#555555FF,#555555FF,#555555FF,#00000000,#00000000,#00000000,#00000000,#00000000,#00000000,#00000000,#00000000
#00000000,#00000000,#00000000,#00000000,#00000000,#00000000,#00000000,#00000000,#555555FF,#555555FF,#555555FF,#555555FF,#555555FF,#555555FF,#555555FF,#555555FF,#00000000,#00000000,#00000000,#00000000,#00000000,#00000000,#00000000,#00000000
#00000000,#00000000,#00000000,#00000000,#00000000,#00000000,#00000000,#00000000,#555555FF,#555555FF,#555555FF,#555555FF,#555555FF,#555555FF,#555555FF,#555555FF,#00000000,#00000000,#00000000,#00000000,#00000000,#00000000,#00000000,#00000000
#00000000,#00000000,#00000000,#00000000,#00000000,#555555FF,#00000000,#00000000,#555555FF,#555555FF,#555555FF,#555555FF,#555555FF,#555555FF,#555555FF,#555555FF,#00000000,#00000000,#555555FF,#00000000,#00000000,#00000000,#00000000,#00000000
#555555FF,#00000000,#00000000,#00000000,#00000000,#555555FF,#555555FF,#555555FF,#555555FF,#555555FF,#555555FF,#555555FF,#555555FF,#555555FF,#555555FF,#555555FF,#555555FF,#555555FF,#555555FF,#00000000,#00000000,#00000000,#00000000,#555555FF
#555555FF,#555555FF,#555555FF,#555555FF,#555555FF,#555555FF,#555555FF,#555555FF,#555555FF,#555555FF,#555555FF,#555555FF,#555555FF,#555555FF,#555555FF,#555555FF,#555555FF,#555555FF,#555555FF,#555555FF,#555555FF,#555555FF,#555555FF,#555555FF
#555555FF,#555555FF,#555555FF,#555555FF,#555555FF,#555555FF,#555555FF,#555555FF,#555555FF,#555555FF,#555555FF,#555555FF,#555555FF,#555555FF,#555555FF,#555555FF,#555555FF,#555555FF,#555555FF,#555555FF,#555555FF,#555555FF,#555555FF,#555555FF
#555555FF,#555555FF,#555555FF,#555555FF,#555555FF,#555555FF,#555555FF,#555555FF,#555555FF,#555555FF,#555555FF,#555555FF,#555555FF,#555555FF,#555555FF,#555555FF,#555555FF,#555555FF,#555555FF,#555555FF,#555555FF,#555555FF,#555555FF,#555555FF
#555555FF,#555555FF,#555555FF,#555555FF,#555555FF,#555555FF,#555555FF,#555555FF,#555555FF,#555555FF,#555555FF,#555555FF,#555555FF,#555555FF,#555555FF,#555555FF,#555555FF,#555555FF,#555555FF,#555555FF,#555555FF,#555555FF,#555555FF,#555555FF
#555555FF,#555555FF,#555555FF,#555555FF,#555555FF,#555555FF,#555555FF,#555555FF,#555555FF,#007700FF,#555555FF,#555555FF,#555555FF,#555555FF,#007700FF,#555555FF,#555555FF,#555555FF,#555555FF,#555555FF,#555555FF,#555555FF,#555555FF,#555555FF
#555555FF,#555555FF,#555555FF,#555555FF,#555555FF,#555555FF,#00000000,#00000000,#555555FF,#007700FF,#555555FF,#555555FF,#555555FF,#555555FF,#007700FF,#555555FF,#00000000,#00000000,#555555FF,#555555FF,#555555FF,#555555FF,#555555FF,#555555FF
#555555FF,#555555FF,#555555FF,#555555FF,#555555FF,#555555FF,#00000000,#00000000,#555555FF,#007700FF,#555555FF,#555555FF,#555555FF,#555555FF,#007700FF,#555555FF,#00000000,#00000000,#555555FF,#555555FF,#555555FF,#555555FF,#555555FF,#555555FF
#555555FF,#555555FF,#555555FF,#555555FF,#555555FF,#555555FF,#00000000,#00000000,#555555FF,#007700FF,#555555FF,#555555FF,#555555FF,#555555FF,#007700FF,#555555FF,#00000000,#00000000,#555555FF,#555555FF,#555555FF,#555555FF,#555555FF,#555555FF
#555555FF,#555555FF,#555555FF,#555555FF,#555555FF,#555555FF,#00000000,#00000000,#555555FF,#007700FF,#555555FF,#00000000,#00000000,#555555FF,#007700FF,#555555FF,#00000000,#00000000,#555555FF,#555555FF,#555555FF,#555555FF,#555555FF,#555555FF
#555555FF,#555555FF,#555555FF,#555555FF,#555555FF,#555555FF,#00000000,#00000000,#555555FF,#555555FF,#00000000,#00000000,#00000000,#00000000,#555555FF,#555555FF,#00000000,#00000000,#555555FF,#555555FF,#555555FF,#555555FF,#555555FF,#555555FF
#555555FF,#00000000,#00000000,#00000000,#00000000,#00000000,#00000000,#00000000,#555555FF,#555555FF,#00000000,#00000000,#00000000,#00000000,#555555FF,#555555FF,#00000000,#00000000,#00000000,#00000000,#00000000,#00000000,#00000000,#555555FF
#00000000,#00000000,#00000000,#00000000,#00000000,#00000000,#00000000,#00000000,#FFFF00FF,#FFFF01FF,#00000000,#00000000,#00000000,#00000000,#FFFF04FF,#FFFF05FF,#00000000,#00000000,#00000000,#00000000,#00000000,#00000000,#00000000,#00000000
#00000000,#00000000,#00000000,#00000000,#00000000,#00000000,#00000000,#00000000,#00000000,#00000000,#00000000,#00000000,#00000000,#00000000,#00000000,#00000000,#00000000,#00000000,#00000000,#00000000,#00000000,#00000000,#00000000,#00000000

#00000000,#00000000,#00000000,#00000000,#00000000,#00000000,#00000000,#00000000,#00000000,#00000000,#00000000,#00000000,#00000000,#00000000,#00000000,#00000000,#00000000,#00000000,#00000000,#00000000,#00000000,#00000000,#00000000,#00000000
#00000000,#00000000,#00000000,#00000000,#00000000,#00000000,#00000000,#00000000,#00000000,#00000000,#00000000,#00000000,#00000000,#00000000,#00000000,#00000000,#00000000,#00000000,#00000000,#00000000,#00000000,#00000000,#00000000,#00000000
#00000000,#00000000,#00000000,#00000000,#00000000,#00000000,#00000000,#00000000,#00000000,#555555FF,#555555FF,#555555FF,#555555FF,#555555FF,#555555FF,#00000000,#00000000,#00000000,#00000000,#00000000,#00000000,#00000000,#00000000,#00000000
#00000000,#00000000,#00000000,#00000000,#00000000,#00000000,#00000000,#00000000,#00000000,#555555FF,#555555FF,#555555FF,#555555FF,#555555FF,#555555FF,#00000000,#00000000,#00000000,#00000000,#00000000,#00000000,#00000000,#00000000,#00000000
#00000000,#00000000,#00000000,#00000000,#00000000,#00000000,#00000000,#00000000,#00000000,#555555FF,#555555FF,#555555FF,#555555FF,#555555FF,#555555FF,#00000000,#00000000,#00000000,#00000000,#00000000,#00000000,#00000000,#00000000,#00000000
#00000000,#00000000,#00000000,#00000000,#00000000,#00000000,#00000000,#00000000,#00000000,#555555FF,#555555FF,#555555FF,#555555FF,#555555FF,#555555FF,#00000000,#00000000,#00000000,#00000000,#00000000,#00000000,#00000000,#00000000,#00000000
#00000000,#00000000,#00000000,#00000000,#00000000,#00000000,#00000000,#00000000,#00000000,#555555FF,#555555FF,#555555FF,#555555FF,#555555FF,#555555FF,#00000000,#00000000,#00000000,#00000000,#00000000,#00000000,#00000000,#00000000,#00000000
#00000000,#00000000,#00000000,#00000000,#00000000,#00000000,#00000000,#00000000,#00000000,#555555FF,#555555FF,#555555FF,#555555FF,#555555FF,#555555FF,#00000000,#00000000,#00000000,#00000000,#00000000,#00000000,#00000000,#00000000,#00000000
#00000000,#00000000,#00000000,#00000000,#00000000,#00000000,#00000000,#00000000,#00000000,#555555FF,#555555FF,#555555FF,#555555FF,#555555FF,#555555FF,#00000000,#00000000,#00000000,#00000000,#00000000,#00000000,#00000000,#00000000,#00000000
#00000000,#00000000,#00000000,#00000000,#00000000,#00000000,#00000000,#00000000,#00000000,#00000000,#00000000,#00000000,#00000000,#00000000,#00000000,#00000000,#00000000,#00000000,#00000000,#00000000,#00000000,#00000000,#00000000,#00000000
#00000000,#00000000,#00000000,#00000000,#00000000,#00000000,#00000000,#00000000,#00000000,#00000000,#00000000,#00000000,#00000000,#00000000,#00000000,#00000000,#00000000,#00000000,#00000000,#00000000,#00000000,#00000000,#00000000,#00000000
#00000000,#00000000,#00000000,#00000000,#00000000,#00000000,#00000000,#00000000,#00000000,#00000000,#00000000,#00000000,#00000000,#00000000,#00000000,#00000000,#00000000,#00000000,#00000000,#00000000,#00000000,#00000000,#00000000,#00000000
#00000000,#00000000,#00000000,#00000000,#00000000,#00000000,#00000000,#00000000,#00000000,#00000000,#00000000,#00000000,#00000000,#00000000,#00000000,#00000000,#00000000,#00000000,#00000000,#00000000,#00000000,#00000000,#00000000,#00000000
#00000000,#00000000,#00000000,#00000000,#00000000,#00000000,#00000000,#00000000,#00000000,#00000000,#00000000,#00000000,#00000000,#00000000,#00000000,#00000000,#00000000,#00000000,#00000000,#00000000,#00000000,#00000000,#00000000,#00000000
#00000000,#00000000,#00000000,#00000000,#00000000,#00000000,#00000000,#00000000,#00000000,#00000000,#00000000,#00000000,#00000000,#00000000,#00000000,#00000000,#00000000,#00000000,#00000000,#00000000,#00000000,#00000000,#00000000,#00000000
#00000000,#00000000,#00000000,#00000000,#00000000,#00000000,#00000000,#00000000,#00000000,#00000000,#00000000,#00000000,#00000000,#00000000,#00000000,#00000000,#00000000,#00000000,#00000000,#00000000,#00000000,#00000000,#00000000,#00000000
#00000000,#00000000,#00000000,#00000000,#00000000,#00000000,#00000000,#00000000,#00000000,#00000000,#00000000,#00000000,#00000000,#00000000,#00000000,#00000000,#00000000,#00000000,#00000000,#00000000,#00000000,#00000000,#00000000,#00000000
#00000000,#00000000,#00000000,#00000000,#00000000,#00000000,#00000000,#00000000,#00000000,#00000000,#00000000,#00000000,#00000000,#00000000,#00000000,#00000000,#00000000,#00000000,#00000000,#00000000,#00000000,#00000000,#00000000,#00000000
#00000000,#00000000,#00000000,#00000000,#00000000,#00000000,#00000000,#00000000,#00000000,#00000000,#00000000,#00000000,#00000000,#00000000,#00000000,#00000000,#00000000,#00000000,#00000000,#00000000,#00000000,#00000000,#00000000,#00000000
#00000000,#00000000,#00000000,#00000000,#00000000,#00000000,#00000000,#00000000,#00000000,#00000000,#00000000,#00000000,#00000000,#00000000,#00000000,#00000000,#00000000,#00000000,#00000000,#00000000,#00000000,#00000000,#00000000,#00000000
#00000000,#00000000,#00000000,#00000000,#00000000,#00000000,#00000000,#00000000,#00000000,#00000000,#00000000,#00000000,#00000000,#00000000,#00000000,#00000000,#00000000,#00000000,#00000000,#00000000,#00000000,#00000000,#00000000,#00000000
#00000000,#00000000,#00000000,#00000000,#00000000,#00000000,#00000000,#00000000,#00000000,#00000000,#00000000,#00000000,#00000000,#00000000,#00000000,#00000000,#00000000,#00000000,#00000000,#00000000,#00000000,#00000000,#00000000,#00000000
#00000000,#00000000,#00000000,#00000000,#00000000,#00000000,#00000000,#00000000,#00000000,#00000000,#00000000,#00000000,#00000000,#00000000,#00000000,#00000000,#00000000,#00000000,#00000000,#00000000,#00000000,#00000000,#00000000,#00000000
#00000000,#00000000,#00000000,#00000000,#00000000,#00000000,#00000000,#00000000,#00000000,#00000000,#00000000,#00000000,#00000000,#00000000,#00000000,#00000000,#00000000,#00000000,#00000000,#00000000,#00000000,#00000000,#00000000,#00000000
#00000000,#00000000,#00000000,#00000000,#00000000,#00000000,#00000000,#00000000,#00000000,#00000000,#00000000,#00000000,#00000000,#00000000,#00000000,#00000000,#00000000,#00000000,#00000000,#00000000,#00000000,#00000000,#00000000,#00000000
#00000000,#00000000,#00000000,#00000000,#00000000,#00000000,#00000000,#00000000,#00000000,#00000000,#00000000,#00000000,#00000000,#00000000,#00000000,#00000000,#00000000,#00000000,#00000000,#00000000,#00000000,#00000000,#00000000,#00000000
#00000000,#00000000,#00000000,#00000000,#00000000,#00000000,#00000000,#00000000,#00000000,#00000000,#00000000,#00000000,#00000000,#00000000,#00000000,#00000000,#00000000,#00000000,#00000000,#00000000,#00000000,#00000000,#00000000,#00000000
#00000000,#00000000,#00000000,#00000000,#00000000,#00000000,#00000000,#00000000,#00000000,#00000000,#00000000,#00000000,#00000000,#00000000,#00000000,#00000000,#00000000,#00000000,#00000000,#00000000,#00000000,#00000000,#00000000,#00000000
#00000000,#00000000,#00000000,#00000000,#00000000,#00000000,#00000000,#00000000,#00000000,#00000000,#00000000,#00000000,#00000000,#00000000,#00000000,#00000000,#00000000,#00000000,#00000000,#00000000,#00000000,#00000000,#00000000,#00000000
#00000000,#00000000,#00000000,#00000000,#00000000,#00000000,#00000000,#00000000,#00000000,#00000000,#00000000,#00000000,#00000000,#00000000,#00000000,#00000000,#00000000,#00000000,#00000000,#00000000,#00000000,#00000000,#00000000,#00000000
#00000000,#555555FF,#555555FF,#555555FF,#555555FF,#00000000,#00000000,#00000000,#00000000,#00000000,#00000000,#00000000,#00000000,#00000000,#00000000,#00000000,#00000000,#00000000,#00000000,#555555FF,#555555FF,#555555FF,#555555FF,#00000000
#00000000,#555555FF,#555555FF,#555555FF,#555555FF,#00000000,#00000000,#00000000,#00000000,#00000000,#00000000,#00000000,#00000000,#00000000,#00000000,#00000000,#00000000,#00000000,#00000000,#555555FF,#555555FF,#555555FF,#555555FF,#00000000
#00000000,#555555FF,#555555FF,#555555FF,#555555FF,#00000000,#00000000,#00000000,#00000000,#00000000,#00000000,#00000000,#00000000,#00000000,#00000000,#00000000,#00000000,#00000000,#00000000,#555555FF,#555555FF,#555555FF,#555555FF,#00000000
#00000000,#555555FF,#555555FF,#555555FF,#555555FF,#00000000,#00000000,#00000000,#00000000,#00000000,#00000000,#00000000,#00000000,#00000000,#00000000,#00000000,#00000000,#00000000,#00000000,#555555FF,#555555FF,#555555FF,#555555FF,#00000000
#00000000,#555555FF,#555555FF,#555555FF,#555555FF,#00000000,#00000000,#00000000,#00000000,#555555FF,#00000000,#00000000,#00000000,#00000000,#555555FF,#00000000,#00000000,#00000000,#00000000,#555555FF,#555555FF,#555555FF,#555555FF,#00000000
#00000000,#555555FF,#555555FF,#555555FF,#555555FF,#00000000,#00000000,#00000000,#555555FF,#555555FF,#00000000,#00000000,#00000000,#00000000,#555555FF,#555555FF,#00000000,#00000000,#00000000,#555555FF,#555555FF,#555555FF,#555555FF,#00000000
#00000000,#555555FF,#555555FF,#555555FF,#555555FF,#00000000,#00000000,#00000000,#555555FF,#555555FF,#00000000,#00000000,#00000000,#00000000,#555555FF,#555555FF,#00000000,#00000000,#00000000,#555555FF,#555555FF,#555555FF,#555555FF,#00000000
#00000000,#555555FF,#555555FF,#555555FF,#555555FF,#00000000,#00000000,#00000000,#555555FF,#555555FF,#00000000,#00000000,#00000000,#00000000,#555555FF,#555555FF,#00000000,#00000000,#00000000,#555555FF,#555555FF,#555555FF,#555555FF,#00000000
#00000000,#555555FF,#555555FF,#555555FF,#555555FF,#00000000,#00000000,#00000000,#555555FF,#555555FF,#00000000,#00000000,#00000000,#00000000,#555555FF,#555555FF,#00000000,#00000000,#00000000,#555555FF,#555555FF,#555555FF,#555555FF,#00000000
#00000000,#555555FF,#555555FF,#555555FF,#555555FF,#00000000,#00000000,#00000000,#555555FF,#555555FF,#00000000,#00000000,#00000000,#00000000,#555555FF,#555555FF,#00000000,#00000000,#00000000,#555555FF,#555555FF,#555555FF,#555555FF,#00000000
#00000000,#555555FF,#555555FF,#555555FF,#555555FF,#00000000,#00000000,#00000000,#555555FF,#555555FF,#00000000,#00000000,#00000000,#00000000,#555555FF,#555555FF,#00000000,#00000000,#00000000,#555555FF,#555555FF,#555555FF,#555555FF,#00000000
#00000000,#00000000,#555555FF,#555555FF,#555555FF,#00000000,#00000000,#00000000,#555555FF,#555555FF,#00000000,#00000000,#00000000,#00000000,#555555FF,#555555FF,#00000000,#00000000,#00000000,#555555FF,#555555FF,#555555FF,#00000000,#00000000
#00000000,#00000000,#FFFF08FF,#00000000,#FFFF09FF,#00000000,#00000000,#00000000,#555555FF,#555555FF,#00000000,#00000000,#00000000,#00000000,#555555FF,#555555FF,#00000000,#00000000,#00000000,#FFFF0AFF,#00000000,#FFFF0BFF,#00000000,#00000000
#00000000,#00000000,#00000000,#00000000,#00000000,#00000000,#00000000,#00000000,#FFFF02FF,#FFFF03FF,#00000000,#00000000,#00000000,#00000000,#FFFF06FF,#FFFF07FF,#00000000,#00000000,#00000000,#00000000,#00000000,#00000000,#00000000,#00000000
#00000000,#00000000,#00000000,#00000000,#00000000,#00000000,#00000000,#00000000,#00000000,#00000000,#00000000,#00000000,#00000000,#00000000,#00000000,#00000000,#00000000,#00000000,#00000000,#00000000,#00000000,#00000000,#00000000,#00000000

#00000000,#00000000,#00000000,#00000000,#00000000,#00000000,#00000000,#00000000,#00000000,#00000000,#00000000,#00000000,#00000000,#00000000,#00000000,#00000000,#00000000,#00000000,#00000000,#00000000,#00000000,#00000000,#00000000,#00000000
#00000000,#00000000,#00000000,#00000000,#00000000,#00000000,#00000000,#00000000,#00000000,#00000000,#00000000,#00000000,#00000000,#00000000,#00000000,#00000000,#00000000,#00000000,#00000000,#00000000,#00000000,#00000000,#00000000,#00000000
#00000000,#00000000,#00000000,#00000000,#00000000,#00000000,#00000000,#00000000,#00000000,#00000000,#00000000,#00000000,#00000000,#00000000,#00000000,#00000000,#00000000,#00000000,#00000000,#00000000,#00000000,#00000000,#00000000,#00000000
#00000000,#00000000,#00000000,#00000000,#00000000,#00000000,#00000000,#00000000,#00000000,#00000000,#555555FF,#555555FF,#555555FF,#555555FF,#555555FF,#00000000,#00000000,#00000000,#00000000,#00000000,#00000000,#00000000,#00000000,#00000000
#00000000,#00000000,#00000000,#00000000,#00000000,#00000000,#00000000,#00000000,#00000000,#00000000,#555555FF,#555555FF,#555555FF,#555555FF,#555555FF,#00000000,#00000000,#00000000,#00000000,#00000000,#00000000,#00000000,#00000000,#00000000
#00000000,#00000000,#00000000,#00000000,#00000000,#00000000,#00000000,#00000000,#00000000,#00000000,#555555FF,#555555FF,#555555FF,#555555FF,#555555FF,#00000000,#00000000,#00000000,#00000000,#00000000,#00000000,#00000000,#00000000,#00000000
#00000000,#00000000,#00000000,#00000000,#00000000,#00000000,#00000000,#00000000,#00000000,#00000000,#555555FF,#555555FF,#555555FF,#555555FF,#555555FF,#00000000,#00000000,#00000000,#00000000,#00000000,#00000000,#00000000,#00000000,#00000000
#00000000,#00000000,#00000000,#00000000,#00000000,#00000000,#00000000,#00000000,#00000000,#00000000,#555555FF,#555555FF,#555555FF,#555555FF,#555555FF,#00000000,#00000000,#00000000,#00000000,#00000000,#00000000,#00000000,#00000000,#00000000
#00000000,#00000000,#00000000,#00000000,#00000000,#00000000,#00000000,#00000000,#00000000,#00000000,#00000000,#00000000,#00000000,#00000000,#00000000,#00000000,#00000000,#00000000,#00000000,#00000000,#00000000,#00000000,#00000000,#00000000
#00000000,#00000000,#00000000,#00000000,#00000000,#00000000,#00000000,#00000000,#00000000,#00000000,#00000000,#00000000,#00000000,#00000000,#00000000,#00000000,#00000000,#00000000,#00000000,#00000000,#00000000,#00000000,#00000000,#00000000
#00000000,#00000000,#00000000,#00000000,#00000000,#00000000,#00000000,#00000000,#00000000,#00000000,#00000000,#00000000,#00000000,#00000000,#00000000,#00000000,#00000000,#00000000,#00000000,#00000000,#00000000,#00000000,#00000000,#00000000
#00000000,#00000000,#00000000,#00000000,#00000000,#00000000,#00000000,#00000000,#00000000,#00000000,#00000000,#00000000,#00000000,#00000000,#00000000,#00000000,#00000000,#00000000,#00000000,#00000000,#00000000,#00000000,#00000000,#00000000
#00000000,#00000000,#00000000,#00000000,#00000000,#00000000,#00000000,#00000000,#00000000,#00000000,#00000000,#00000000,#00000000,#00000000,#00000000,#00000000,#00000000,#00000000,#00000000,#00000000,#00000000,#00000000,#00000000,#00000000
#00000000,#00000000,#00000000,#00000000,#00000000,#00000000,#00000000,#00000000,#00000000,#00000000,#00000000,#00000000,#00000000,#00000000,#00000000,#00000000,#00000000,#00000000,#00000000,#00000000,#00000000,#00000000,#00000000,#00000000
#00000000,#00000000,#00000000,#00000000,#00000000,#00000000,#00000000,#00000000,#00000000,#00000000,#00000000,#00000000,#00000000,#00000000,#00000000,#00000000,#00000000,#00000000,#00000000,#00000000,#00000000,#00000000,#00000000,#00000000
#00000000,#00000000,#00000000,#00000000,#00000000,#00000000,#00000000,#00000000,#00000000,#00000000,#00000000,#00000000,#00000000,#00000000,#00000000,#00000000,#00000000,#00000000,#00000000,#00000000,#00000000,#00000000,#00000000,#00000000
#00000000,#00000000,#00000000,#00000000,#00000000,#00000000,#00000000,#00000000,#00000000,#00000000,#00000000,#00000000,#00000000,#00000000,#00000000,#00000000,#00000000,#00000000,#00000000,#00000000,#00000000,#00000000,#00000000,#00000000
#00000000,#00000000,#00000000,#00000000,#00000000,#00000000,#00000000,#00000000,#00000000,#00000000,#00000000,#00000000,#00000000,#00000000,#00000000,#00000000,#00000000,#00000000,#00000000,#00000000,#00000000,#00000000,#00000000,#00000000
#00000000,#00000000,#00000000,#00000000,#00000000,#00000000,#00000000,#00000000,#00000000,#00000000,#00000000,#00000000,#00000000,#00000000,#00000000,#00000000,#00000000,#00000000,#00000000,#00000000,#00000000,#00000000,#00000000,#00000000
#00000000,#00000000,#00000000,#00000000,#00000000,#00000000,#00000000,#00000000,#00000000,#00000000,#00000000,#00000000,#00000000,#00000000,#00000000,#00000000,#00000000,#00000000,#00000000,#00000000,#00000000,#00000000,#00000000,#00000000
#00000000,#00000000,#00000000,#00000000,#00000000,#00000000,#00000000,#00000000,#00000000,#00000000,#00000000,#00000000,#00000000,#00000000,#00000000,#00000000,#00000000,#00000000,#00000000,#00000000,#00000000,#00000000,#00000000,#00000000
#00000000,#00000000,#00000000,#00000000,#00000000,#00000000,#00000000,#00000000,#00000000,#00000000,#00000000,#00000000,#00000000,#00000000,#00000000,#00000000,#00000000,#00000000,#00000000,#00000000,#00000000,#00000000,#00000000,#00000000
#00000000,#00000000,#00000000,#00000000,#00000000,#00000000,#00000000,#00000000,#00000000,#00000000,#00000000,#00000000,#00000000,#00000000,#00000000,#00000000,#00000000,#00000000,#00000000,#00000000,#00000000,#00000000,#00000000,#00000000
#00000000,#00000000,#00000000,#00000000,#00000000,#00000000,#00000000,#00000000,#00000000,#00000000,#00000000,#00000000,#00000000,#00000000,#00000000,#00000000,#00000000,#00000000,#00000000,#00000000,#00000000,#00000000,#00000000,#00000000
#00000000,#00000000,#00000000,#00000000,#00000000,#00000000,#00000000,#00000000,#00000000,#00000000,#00000000,#00000000,#00000000,#00000000,#00000000,#00000000,#00000000,#00000000,#00000000,#00000000,#00000000,#00000000,#00000000,#00000000
#00000000,#00000000,#00000000,#00000000,#00000000,#00000000,#00000000,#00000000,#00000000,#00000000,#00000000,#00000000,#00000000,#00000000,#00000000,#00000000,#00000000,#00000000,#00000000,#00000000,#00000000,#00000000,#00000000,#00000000
#00000000,#00000000,#00000000,#00000000,#00000000,#00000000,#00000000,#00000000,#00000000,#00000000,#00000000,#00000000,#00000000,#00000000,#00000000,#00000000,#00000000,#00000000,#00000000,#00000000,#00000000,#00000000,#00000000,#00000000
#00000000,#00000000,#00000000,#00000000,#00000000,#00000000,#00000000,#00000000,#00000000,#00000000,#00000000,#00000000,#00000000,#00000000,#00000000,#00000000,#00000000,#00000000,#00000000,#00000000,#00000000,#00000000,#00000000,#00000000
#00000000,#00000000,#00000000,#00000000,#00000000,#00000000,#00000000,#00000000,#00000000,#00000000,#00000000,#00000000,#00000000,#00000000,#00000000,#00000000,#00000000,#00000000,#00000000,#00000000,#00000000,#00000000,#00000000,#00000000
#00000000,#00000000,#00000000,#00000000,#00000000,#00000000,#00000000,#00000000,#00000000,#00000000,#00000000,#00000000,#00000000,#00000000,#00000000,#00000000,#00000000,#00000000,#00000000,#00000000,#00000000,#00000000,#00000000,#00000000
#00000000,#00000000,#00000000,#00000000,#00000000,#00000000,#00000000,#00000000,#00000000,#00000000,#00000000,#00000000,#00000000,#00000000,#00000000,#00000000,#00000000,#00000000,#00000000,#00000000,#00000000,#00000000,#00000000,#00000000
#00000000,#00000000,#00000000,#00000000,#00000000,#00000000,#00000000,#00000000,#00000000,#00000000,#00000000,#00000000,#00000000,#00000000,#00000000,#00000000,#00000000,#00000000,#00000000,#00000000,#00000000,#00000000,#00000000,#00000000
#00000000,#00000000,#00000000,#00000000,#00000000,#00000000,#00000000,#00000000,#00000000,#00000000,#00000000,#00000000,#00000000,#00000000,#00000000,#00000000,#00000000,#00000000,#00000000,#00000000,#00000000,#00000000,#00000000,#00000000
#00000000,#00000000,#00000000,#00000000,#00000000,#00000000,#00000000,#00000000,#00000000,#00000000,#00000000,#00000000,#00000000,#00000000,#00000000,#00000000,#00000000,#00000000,#00000000,#00000000,#00000000,#00000000,#00000000,#00000000
#00000000,#00000000,#00000000,#00000000,#00000000,#00000000,#00000000,#00000000,#00000000,#00000000,#00000000,#00000000,#00000000,#00000000,#00000000,#00000000,#00000000,#00000000,#00000000,#00000000,#00000000,#00000000,#00000000,#00000000
#00000000,#00000000,#00000000,#00000000,#00000000,#00000000,#00000000,#00000000,#00000000,#00000000,#00000000,#00000000,#00000000,#00000000,#00000000,#00000000,#00000000,#00000000,#00000000,#00000000,#00000000,#00000000,#00000000,#00000000
#00000000,#00000000,#00000000,#00000000,#00000000,#00000000,#00000000,#00000000,#00000000,#00000000,#00000000,#00000000,#00000000,#00000000,#00000000,#00000000,#00000000,#00000000,#00000000,#00000000,#00000000,#00000000,#00000000,#00000000
#00000000,#00000000,#00000000,#00000000,#00000000,#00000000,#00000000,#00000000,#00000000,#00000000,#00000000,#00000000,#00000000,#00000000,#00000000,#00000000,#00000000,#00000000,#00000000,#00000000,#00000000,#00000000,#00000000,#00000000
#00000000,#00000000,#00000000,#00000000,#00000000,#00000000,#00000000,#00000000,#00000000,#00000000,#00000000,#00000000,#00000000,#00000000,#00000000,#00000000,#00000000,#00000000,#00000000,#00000000,#00000000,#00000000,#00000000,#00000000
#00000000,#00000000,#00000000,#00000000,#00000000,#00000000,#00000000,#00000000,#00000000,#00000000,#00000000,#00000000,#00000000,#00000000,#00000000,#00000000,#00000000,#00000000,#00000000,#00000000,#00000000,#00000000,#00000000,#00000000
#00000000,#00000000,#00000000,#00000000,#00000000,#00000000,#00000000,#00000000,#00000000,#00000000,#00000000,#00000000,#00000000,#00000000,#00000000,#00000000,#00000000,#00000000,#00000000,#00000000,#00000000,#00000000,#00000000,#00000000
#00000000,#00000000,#00000000,#00000000,#00000000,#00000000,#00000000,#00000000,#00000000,#00000000,#00000000,#00000000,#00000000,#00000000,#00000000,#00000000,#00000000,#00000000,#00000000,#00000000,#00000000,#00000000,#00000000,#00000000
#00000000,#00000000,#00000000,#00000000,#00000000,#00000000,#00000000,#00000000,#00000000,#00000000,#00000000,#00000000,#00000000,#00000000,#00000000,#00000000,#00000000,#00000000,#00000000,#00000000,#00000000,#00000000,#00000000,#00000000
#00000000,#00000000,#00000000,#00000000,#00000000,#00000000,#00000000,#00000000,#00000000,#00000000,#00000000,#00000000,#00000000,#00000000,#00000000,#00000000,#00000000,#00000000,#00000000,#00000000,#00000000,#00000000,#00000000,#00000000
#00000000,#00000000,#00000000,#00000000,#00000000,#00000000,#00000000,#00000000,#00000000,#00000000,#00000000,#00000000,#00000000,#00000000,#00000000,#00000000,#00000000,#00000000,#00000000,#00000000,#00000000,#00000000,#00000000,#00000000

