21,11,33
#00000000,#00000000,#00000000,#00000000,#00000000,#00000000,#00000000,#00000000,#00000000,#00000000,#00000000,#00000000,#00000000,#00000000,#00000000,#00000000,#00000000,#00000000,#00000000,#00000000,#00000000
#00000000,#00000000,#00000000,#00000000,#00000000,#00000000,#00000000,#00000000,#00000000,#00000000,#00000000,#00000000,#00000000,#00000000,#00000000,#00000000,#00000000,#00000000,#00000000,#00000000,#00000000
#00000000,#00000000,#00000000,#00000000,#00000000,#00000000,#00000000,#00000000,#00000000,#00000000,#00000000,#00000000,#00000000,#00000000,#00000000,#00000000,#00000000,#00000000,#00000000,#00000000,#00000000
#00000000,#00000000,#00000000,#00000000,#00000000,#00000000,#00000000,#00000000,#00000000,#00000000,#00000000,#00000000,#00000000,#00000000,#00000000,#00000000,#00000000,#00000000,#00000000,#00000000,#00000000
#00000000,#00000000,#00000000,#00000000,#00000000,#00000000,#00000000,#00000000,#00000000,#00000000,#00000000,#00000000,#00000000,#00000000,#00000000,#00000000,#00000000,#00000000,#00000000,#00000000,#00000000
#00000000,#00000000,#00000000,#00000000,#00000000,#00000000,#00000000,#00000000,#00000000,#00000000,#00000000,#00000000,#00000000,#00000000,#00000000,#00000000,#00000000,#00000000,#00000000,#00000000,#00000000
#00000000,#00000000,#00000000,#00000000,#00000000,#00000000,#00000000,#00000000,#00000000,#00000000,#00000000,#00000000,#00000000,#00000000,#00000000,#00000000,#00000000,#00000000,#00000000,#00000000,#00000000
#00000000,#00000000,#00000000,#00000000,#00000000,#00000000,#00000000,#00000000,#00000000,#00000000,#00000000,#00000000,#00000000,#00000000,#00000000,#00000000,#00000000,#00000000,#00000000,#00000000,#00000000
#00000000,#00000000,#00000000,#00000000,#00000000,#00000000,#00000000,#00000000,#00000000,#00000000,#00000000,#00000000,#00000000,#00000000,#00000000,#00000000,#00000000,#00000000,#00000000,#00000000,#00000000
#00000000,#00000000,#00000000,#00000000,#00000000,#00000000,#00000000,#00000000,#00000000,#00000000,#00000000,#00000000,#00000000,#00000000,#00000000,#00000000,#00000000,#00000000,#00000000,#00000000,#00000000
#00000000,#00000000,#00000000,#00000000,#00000000,#00000000,#00000000,#00000000,#00000000,#00000000,#00000000,#00000000,#00000000,#00000000,#00000000,#00000000,#00000000,#00000000,#00000000,#00000000,#00000000
#00000000,#00000000,#00000000,#00000000,#00000000,#00000000,#00000000,#00000000,#00000000,#00000000,#00000000,#00000000,#00000000,#00000000,#00000000,#00000000,#00000000,#00000000,#00000000,#00000000,#00000000
#00000000,#00000000,#00000000,#00000000,#00000000,#00000000,#00000000,#00000000,#00000000,#00000000,#00000000,#00000000,#00000000,#00000000,#00000000,#00000000,#00000000,#00000000,#00000000,#00000000,#00000000
#00000000,#00000000,#00000000,#00000000,#00000000,#00000000,#00000000,#00000000,#00000000,#00000000,#00000000,#00000000,#00000000,#00000000,#00000000,#00000000,#00000000,#00000000,#00000000,#00000000,#00000000
#00000000,#00000000,#00000000,#00000000,#00000000,#00000000,#00000000,#00000000,#00000000,#00000000,#00000000,#00000000,#00000000,#00000000,#00000000,#00000000,#00000000,#00000000,#00000000,#00000000,#00000000
#00000000,#00000000,#00000000,#00000000,#00000000,#00000000,#00000000,#00000000,#00000000,#00000000,#00000000,#00000000,#00000000,#00000000,#00000000,#00000000,#00000000,#00000000,#00000000,#00000000,#00000000
#00000000,#00000000,#00000000,#00000000,#00000000,#00000000,#00000000,#00000000,#00000000,#00000000,#00000000,#00000000,#00000000,#00000000,#00000000,#00000000,#00000000,#00000000,#00000000,#00000000,#00000000
#00000000,#00000000,#00000000,#00000000,#00000000,#00000000,#00000000,#00000000,#00000000,#00000000,#00000000,#00000000,#00000000,#00000000,#00000000,#00000000,#00000000,#00000000,#00000000,#00000000,#00000000
#00000000,#00000000,#00000000,#00000000,#00000000,#00000000,#00000000,#00000000,#00000000,#00000000,#00000000,#00000000,#00000000,#00000000,#00000000,#00000000,#00000000,#00000000,#00000000,#00000000,#00000000
#00000000,#00000000,#00000000,#00000000,#00000000,#00000000,#00000000,#00000000,#00000000,#00000000,#00000000,#00000000,#00000000,#00000000,#00000000,#00000000,#00000000,#00000000,#00000000,#00000000,#00000000
#00000000,#00000000,#00000000,#00000000,#00000000,#00000000,#00000000,#00000000,#00000000,#00000000,#00000000,#00000000,#00000000,#00000000,#00000000,#00000000,#00000000,#00000000,#00000000,#00000000,#00000000
#00000000,#00000000,#00000000,#00000000,#00000000,#00000000,#00000000,#00000000,#4A4A4AFF,#00000000,#00000000,#00000000,#00000000,#00000000,#00000000,#00000000,#00000000,#00000000,#00000000,#00000000,#00000000
#00000000,#00000000,#00000000,#00000000,#00000000,#00000000,#00000000,#00000000,#00000000,#00000000,#00000000,#00000000,#00000000,#00000000,#00000000,#00000000,#00000000,#00000000,#00000000,#00000000,#00000000
#00000000,#00000000,#00000000,#00000000,#00000000,#00000000,#00000000,#00000000,#00000000,#00000000,#00000000,#00000000,#00000000,#00000000,#00000000,#00000000,#00000000,#00000000,#00000000,#00000000,#00000000
#00000000,#00000000,#00000000,#00000000,#00000000,#00000000,#00000000,#00000000,#00000000,#00000000,#00000000,#00000000,#00000000,#00000000,#00000000,#00000000,#00000000,#00000000,#00000000,#00000000,#00000000
#00000000,#00000000,#00000000,#00000000,#00000000,#00000000,#00000000,#00000000,#00000000,#00000000,#00000000,#00000000,#00000000,#00000000,#00000000,#00000000,#00000000,#00000000,#00000000,#00000000,#00000000
#00000000,#00000000,#00000000,#00000000,#00000000,#00000000,#00000000,#00000000,#00000000,#00000000,#00000000,#00000000,#00000000,#00000000,#00000000,#00000000,#00000000,#00000000,#00000000,#00000000,#00000000
#00000000,#00000000,#00000000,#00000000,#00000000,#00000000,#00000000,#00000000,#00000000,#00000000,#00000000,#00000000,#00000000,#00000000,#00000000,#00000000,#00000000,#00000000,#00000000,#00000000,#00000000
#00000000,#00000000,#00000000,#00000000,#00000000,#00000000,#00000000,#00000000,#00000000,#00000000,#00000000,#00000000,#00000000,#00000000,#00000000,#00000000,#00000000,#00000000,#00000000,#00000000,#00000000
#00000000,#00000000,#00000000,#00000000,#00000000,#00000000,#00000000,#00000000,#00000000,#00000000,#00000000,#00000000,#00000000,#00000000,#00000000,#00000000,#00000000,#00000000,#00000000,#00000000,#00000000
#00000000,#00000000,#00000000,#00000000,#00000000,#00000000,#00000000,#00000000,#00000000,#00000000,#00000000,#00000000,#00000000,#00000000,#00000000,#00000000,#00000000,#00000000,#00000000,#00000000,#00000000
#00000000,#00000000,#00000000,#00000000,#00000000,#00000000,#00000000,#00000000,#00000000,#00000000,#00000000,#00000000,#00000000,#00000000,#00000000,#00000000,#00000000,#00000000,#00000000,#00000000,#00000000
#00000000,#00000000,#00000000,#00000000,#00000000,#00000000,#00000000,#00000000,#00000000,#00000000,#00000000,#00000000,#00000000,#00000000,#00000000,#00000000,#00000000,#00000000,#00000000,#00000000,#00000000

#00000000,#00000000,#00000000,#00000000,#00000000,#00000000,#00000000,#00000000,#00000000,#00000000,#00000000,#00000000,#00000000,#00000000,#00000000,#00000000,#00000000,#00000000,#00000000,#00000000,#00000000
#00000000,#00000000,#00000000,#00000000,#00000000,#00000000,#00000000,#00000000,#00000000,#00000000,#00000000,#00000000,#00000000,#00000000,#00000000,#00000000,#00000000,#00000000,#00000000,#00000000,#00000000
#00000000,#00000000,#00000000,#00000000,#00000000,#00000000,#00000000,#00000000,#00000000,#00000000,#00000000,#00000000,#00000000,#00000000,#00000000,#00000000,#00000000,#00000000,#00000000,#00000000,#00000000
#00000000,#00000000,#00000000,#00000000,#00000000,#00000000,#00000000,#00000000,#00000000,#00000000,#00000000,#00000000,#00000000,#00000000,#00000000,#00000000,#00000000,#00000000,#00000000,#00000000,#00000000
#00000000,#00000000,#00000000,#00000000,#00000000,#00000000,#00000000,#00000000,#00000000,#00000000,#00000000,#00000000,#00000000,#00000000,#00000000,#00000000,#00000000,#00000000,#00000000,#00000000,#00000000
#00000000,#00000000,#00000000,#00000000,#00000000,#00000000,#00000000,#00000000,#00000000,#00000000,#00000000,#00000000,#00000000,#00000000,#00000000,#00000000,#00000000,#00000000,#00000000,#00000000,#00000000
#00000000,#00000000,#00000000,#00000000,#00000000,#00000000,#00000000,#00000000,#00000000,#00000000,#00000000,#00000000,#00000000,#00000000,#00000000,#00000000,#00000000,#00000000,#00000000,#00000000,#00000000
#00000000,#00000000,#00000000,#00000000,#00000000,#00000000,#00000000,#00000000,#00000000,#00000000,#00000000,#00000000,#00000000,#00000000,#00000000,#00000000,#00000000,#00000000,#00000000,#00000000,#00000000
#00000000,#00000000,#00000000,#00000000,#00000000,#00000000,#00000000,#00000000,#00000000,#00000000,#00000000,#00000000,#00000000,#00000000,#00000000,#00000000,#00000000,#00000000,#00000000,#00000000,#00000000
#00000000,#00000000,#00000000,#00000000,#00000000,#00000000,#00000000,#00000000,#00000000,#00000000,#00000000,#00000000,#00000000,#00000000,#00000000,#00000000,#00000000,#00000000,#00000000,#00000000,#00000000
#00000000,#00000000,#00000000,#00000000,#00000000,#00000000,#00000000,#00000000,#00000000,#00000000,#00000000,#00000000,#00000000,#00000000,#00000000,#00000000,#00000000,#00000000,#00000000,#00000000,#00000000
#00000000,#00000000,#00000000,#00000000,#00000000,#00000000,#00000000,#00000000,#00000000,#00000000,#00000000,#00000000,#00000000,#00000000,#00000000,#00000000,#00000000,#00000000,#00000000,#00000000,#00000000
#00000000,#00000000,#00000000,#00000000,#00000000,#00000000,#00000000,#00000000,#00000000,#00000000,#00000000,#00000000,#00000000,#00000000,#00000000,#00000000,#00000000,#00000000,#00000000,#00000000,#00000000
#00000000,#00000000,#00000000,#00000000,#00000000,#00000000,#00000000,#00000000,#00000000,#00000000,#00000000,#00000000,#00000000,#00000000,#00000000,#00000000,#00000000,#00000000,#00000000,#00000000,#00000000
#00000000,#00000000,#00000000,#00000000,#00000000,#00000000,#00000000,#00000000,#00000000,#00000000,#00000000,#00000000,#00000000,#00000000,#00000000,#00000000,#00000000,#00000000,#00000000,#00000000,#00000000
#00000000,#00000000,#00000000,#00000000,#00000000,#00000000,#00000000,#00000000,#00000000,#00000000,#00000000,#00000000,#00000000,#00000000,#00000000,#00000000,#00000000,#00000000,#00000000,#00000000,#00000000
#00000000,#00000000,#00000000,#00000000,#00000000,#00000000,#00000000,#00000000,#00000000,#00000000,#00000000,#00000000,#00000000,#00000000,#00000000,#00000000,#00000000,#00000000,#00000000,#00000000,#00000000
#00000000,#00000000,#00000000,#00000000,#00000000,#00000000,#00000000,#00000000,#00000000,#00000000,#00000000,#00000000,#00000000,#00000000,#00000000,#00000000,#00000000,#00000000,#00000000,#00000000,#00000000
#00000000,#00000000,#00000000,#00000000,#00000000,#00000000,#00000000,#00000000,#00000000,#00000000,#00000000,#00000000,#00000000,#00000000,#00000000,#00000000,#00000000,#00000000,#00000000,#00000000,#00000000
#00000000,#00000000,#00000000,#00000000,#00000000,#00000000,#00000000,#00000000,#00000000,#00000000,#00000000,#00000000,#00000000,#00000000,#00000000,#00000000,#00000000,#00000000,#00000000,#00000000,#00000000
#00000000,#00000000,#00000000,#00000000,#00000000,#00000000,#00000000,#00000000,#00000000,#00000000,#00000000,#00000000,#00000000,#00000000,#00000000,#00000000,#00000000,#00000000,#00000000,#00000000,#00000000
#00000000,#00000000,#00000000,#00000000,#00000000,#00000000,#00000000,#00000000,#4A4A4AFF,#00000000,#00000000,#00000000,#00000000,#00000000,#00000000,#00000000,#00000000,#00000000,#00000000,#00000000,#00000000
#00000000,#00000000,#00000000,#00000000,#00000000,#00000000,#00000000,#00000000,#00000000,#00000000,#00000000,#00000000,#00000000,#00000000,#00000000,#00000000,#00000000,#00000000,#00000000,#00000000,#00000000
#00000000,#00000000,#00000000,#00000000,#00000000,#00000000,#00000000,#00000000,#00000000,#00000000,#00000000,#00000000,#00000000,#00000000,#00000000,#00000000,#00000000,#00000000,#00000000,#00000000,#00000000
#00000000,#00000000,#00000000,#00000000,#00000000,#00000000,#00000000,#00000000,#00000000,#00000000,#00000000,#00000000,#00000000,#00000000,#00000000,#00000000,#00000000,#00000000,#00000000,#00000000,#00000000
#00000000,#00000000,#00000000,#00000000,#00000000,#00000000,#00000000,#00000000,#00000000,#00000000,#00000000,#00000000,#00000000,#00000000,#00000000,#00000000,#00000000,#00000000,#00000000,#00000000,#00000000
#00000000,#00000000,#00000000,#00000000,#00000000,#00000000,#00000000,#00000000,#00000000,#00000000,#00000000,#00000000,#00000000,#00000000,#00000000,#00000000,#00000000,#00000000,#00000000,#00000000,#00000000
#00000000,#00000000,#00000000,#00000000,#00000000,#00000000,#00000000,#00000000,#00000000,#00000000,#00000000,#00000000,#00000000,#00000000,#00000000,#00000000,#00000000,#00000000,#00000000,#00000000,#00000000
#00000000,#00000000,#00000000,#00000000,#00000000,#00000000,#00000000,#00000000,#00000000,#00000000,#00000000,#00000000,#00000000,#00000000,#00000000,#00000000,#00000000,#00000000,#00000000,#00000000,#00000000
#00000000,#00000000,#00000000,#00000000,#00000000,#00000000,#00000000,#00000000,#00000000,#00000000,#00000000,#00000000,#00000000,#00000000,#00000000,#00000000,#00000000,#00000000,#00000000,#00000000,#00000000
#00000000,#00000000,#00000000,#00000000,#00000000,#00000000,#00000000,#00000000,#00000000,#00000000,#00000000,#00000000,#00000000,#00000000,#00000000,#00000000,#00000000,#00000000,#00000000,#00000000,#00000000
#00000000,#00000000,#00000000,#00000000,#00000000,#00000000,#00000000,#00000000,#00000000,#00000000,#00000000,#00000000,#00000000,#00000000,#00000000,#00000000,#00000000,#00000000,#00000000,#00000000,#00000000
#00000000,#00000000,#00000000,#00000000,#00000000,#00000000,#00000000,#00000000,#00000000,#00000000,#00000000,#00000000,#00000000,#00000000,#00000000,#00000000,#00000000,#00000000,#00000000,#00000000,#00000000

#00000000,#00000000,#00000000,#00000000,#00000000,#00000000,#00000000,#00000000,#00000000,#00000000,#00000000,#00000000,#00000000,#00000000,#00000000,#00000000,#00000000,#00000000,#00000000,#00000000,#00000000
#00000000,#00000000,#00000000,#00000000,#00000000,#00000000,#00000000,#00000000,#00000000,#00000000,#00000000,#00000000,#00000000,#00000000,#00000000,#00000000,#00000000,#00000000,#00000000,#00000000,#00000000
#00000000,#00000000,#00000000,#00000000,#00000000,#00000000,#00000000,#00000000,#00000000,#00000000,#00000000,#00000000,#00000000,#00000000,#00000000,#00000000,#00000000,#00000000,#00000000,#00000000,#00000000
#00000000,#00000000,#00000000,#00000000,#00000000,#00000000,#00000000,#00000000,#00000000,#00000000,#00000000,#00000000,#00000000,#00000000,#00000000,#00000000,#00000000,#00000000,#00000000,#00000000,#00000000
#00000000,#00000000,#00000000,#00000000,#00000000,#00000000,#00000000,#00000000,#00000000,#00000000,#00000000,#00000000,#00000000,#00000000,#00000000,#00000000,#00000000,#00000000,#00000000,#00000000,#00000000
#00000000,#00000000,#00000000,#00000000,#00000000,#00000000,#00000000,#00000000,#00000000,#00000000,#00000000,#00000000,#00000000,#00000000,#00000000,#00000000,#00000000,#00000000,#00000000,#00000000,#00000000
#00000000,#00000000,#00000000,#00000000,#00000000,#00000000,#00000000,#00000000,#00000000,#00000000,#00000000,#00000000,#00000000,#00000000,#00000000,#00000000,#00000000,#00000000,#00000000,#00000000,#00000000
#00000000,#00000000,#00000000,#00000000,#00000000,#00000000,#00000000,#00000000,#00000000,#7777FFFF,#7777FFFF,#7777FFFF,#00000000,#00000000,#00000000,#00000000,#00000000,#00000000,#00000000,#00000000,#00000000
#00000000,#00000000,#00000000,#00000000,#00000000,#00000000,#00000000,#00000000,#00000000,#7777FFFF,#7777FFFF,#7777FFFF,#00000000,#00000000,#00000000,#00000000,#00000000,#00000000,#00000000,#00000000,#00000000
#00000000,#00000000,#00000000,#00000000,#00000000,#00000000,#00000000,#00000000,#00000000,#00000000,#00000000,#00000000,#00000000,#00000000,#00000000,#00000000,#00000000,#00000000,#00000000,#00000000,#00000000
#00000000,#00000000,#00000000,#00000000,#FF7704FF,#00000000,#00000000,#00000000,#00000000,#00000000,#00000000,#00000000,#00000000,#00000000,#00000000,#00000000,#FF7704FF,#00000000,#00000000,#00000000,#00000000
#00000000,#00000000,#00000000,#00000000,#8C3C1CFF,#00000000,#00000000,#00000000,#00000000,#00000000,#00000000,#00000000,#00000000,#00000000,#00000000,#00000000,#4A4A4AFF,#00000000,#00000000,#00000000,#00000000
#00000000,#00000000,#00000000,#00000000,#8C3C1CFF,#00000000,#00000000,#00000000,#00000000,#00000000,#00000000,#00000000,#00000000,#00000000,#00000000,#00000000,#4A4A4AFF,#00000000,#00000000,#00000000,#00000000
#00000000,#00000000,#00000000,#00000000,#4A4A4AFF,#00000000,#00000000,#00000000,#00000000,#00000000,#00000000,#00000000,#00000000,#00000000,#00000000,#00000000,#4A4A4AFF,#00000000,#00000000,#00000000,#00000000
#00000000,#00000000,#00000000,#00000000,#4A4A4AFF,#00000000,#00000000,#00000000,#00000000,#00000000,#00000000,#00000000,#00000000,#00000000,#00000000,#00000000,#8C3C1CFF,#00000000,#00000000,#00000000,#00000000
#00000000,#00000000,#00000000,#4A4A4AFF,#4A4A4AFF,#00000000,#00000000,#00000000,#00000000,#00000000,#00000000,#00000000,#00000000,#00000000,#00000000,#00000000,#8C3C1CFF,#8C3C1CFF,#00000000,#00000000,#00000000
#00000000,#00000000,#00000000,#4A4A4AFF,#4A4A4AFF,#00000000,#00000000,#00000000,#00000000,#00000000,#00000000,#00000000,#00000000,#00000000,#00000000,#00000000,#4A4A4AFF,#4A4A4AFF,#00000000,#00000000,#00000000
#00000000,#00000000,#00000000,#4A4A4AFF,#4A4A4AFF,#00000000,#00000000,#00000000,#00000000,#00000000,#00000000,#00000000,#00000000,#00000000,#00000000,#00000000,#4A4A4AFF,#4A4A4AFF,#00000000,#00000000,#00000000
#00000000,#00000000,#00000000,#00000000,#4F312FFF,#00000000,#00000000,#00000000,#00000000,#00000000,#00000000,#00000000,#00000000,#00000000,#00000000,#00000000,#4A4A4AFF,#00000000,#00000000,#00000000,#00000000
#00000000,#00000000,#00000000,#00000000,#4F312FFF,#00000000,#00000000,#00000000,#00000000,#00000000,#00000000,#00000000,#00000000,#00000000,#00000000,#00000000,#4A4A4AFF,#00000000,#00000000,#00000000,#00000000
#00000000,#00000000,#00000000,#00000000,#00000000,#00000000,#00000000,#00000000,#00000000,#00000000,#00000000,#00000000,#00000000,#00000000,#00000000,#00000000,#00000000,#00000000,#00000000,#00000000,#00000000
#00000000,#00000000,#00000000,#00000000,#00000000,#00000000,#00000000,#00000000,#4F312FFF,#00000000,#00000000,#00000000,#00000000,#00000000,#00000000,#00000000,#00000000,#00000000,#00000000,#00000000,#00000000
#00000000,#00000000,#00000000,#00000000,#00000000,#00000000,#00000000,#00000000,#00000000,#00000000,#00000000,#00000000,#00000000,#00000000,#00000000,#00000000,#00000000,#00000000,#00000000,#00000000,#00000000
#00000000,#00000000,#00000000,#00000000,#00000000,#00000000,#00000000,#00000000,#00000000,#00000000,#00000000,#00000000,#00000000,#00000000,#00000000,#00000000,#00000000,#00000000,#00000000,#00000000,#00000000
#00000000,#00000000,#00000000,#00000000,#00000000,#00000000,#00000000,#00000000,#00000000,#00000000,#00000000,#00000000,#00000000,#00000000,#00000000,#00000000,#00000000,#00000000,#00000000,#00000000,#00000000
#00000000,#00000000,#00000000,#00000000,#00000000,#00000000,#00000000,#00000000,#00000000,#00000000,#00000000,#00000000,#00000000,#00000000,#00000000,#00000000,#00000000,#00000000,#00000000,#00000000,#00000000
#00000000,#00000000,#00000000,#00000000,#00000000,#4A4A4AFF,#4A4A4AFF,#00000000,#00000000,#00000000,#00000000,#00000000,#00000000,#00000000,#4A4A4AFF,#4A4A4AFF,#00000000,#00000000,#00000000,#00000000,#00000000
#00000000,#00000000,#00000000,#00000000,#4A4A4AFF,#4A4A4AFF,#4A4A4AFF,#4A4A4AFF,#00000000,#00000000,#00000000,#00000000,#00000000,#4A4A4AFF,#4F312FFF,#4F312FFF,#4F312FFF,#00000000,#00000000,#00000000,#00000000
#00000000,#00000000,#00000000,#8C3C1CFF,#4A4A4AFF,#4A4A4AFF,#4A4A4AFF,#4A4A4AFF,#00000000,#00000000,#00000000,#00000000,#00000000,#4A4A4AFF,#4A4A4AFF,#4F312FFF,#4F312FFF,#4F312FFF,#00000000,#00000000,#00000000
#00000000,#00000000,#00000000,#8C3C1CFF,#4A4A4AFF,#4A4A4AFF,#4F312FFF,#4A4A4AFF,#00000000,#00000000,#00000000,#00000000,#00000000,#8C3C1CFF,#8C3C1CFF,#4A4A4AFF,#4A4A4AFF,#4A4A4AFF,#00000000,#00000000,#00000000
#00000000,#00000000,#00000000,#00000000,#00000000,#00000000,#00000000,#00000000,#00000000,#00000000,#00000000,#00000000,#00000000,#00000000,#00000000,#00000000,#00000000,#00000000,#00000000,#00000000,#00000000
#00000000,#00000000,#00000000,#00000000,#00000000,#00000000,#00000000,#00000000,#00000000,#00000000,#00000000,#00000000,#00000000,#00000000,#00000000,#00000000,#00000000,#00000000,#00000000,#00000000,#00000000
#00000000,#00000000,#00000000,#00000000,#00000000,#00000000,#00000000,#00000000,#00000000,#00000000,#00000000,#00000000,#00000000,#00000000,#00000000,#00000000,#00000000,#00000000,#00000000,#00000000,#00000000

#00000000,#00000000,#00000000,#00000000,#00000000,#00000000,#00000000,#00000000,#00000000,#00000000,#00000000,#00000000,#00000000,#00000000,#00000000,#00000000,#00000000,#00000000,#00000000,#00000000,#00000000
#00000000,#00000000,#00000000,#00000000,#00000000,#00000000,#00000000,#00000000,#00000000,#00000000,#00000000,#00000000,#00000000,#00000000,#00000000,#00000000,#00000000,#00000000,#00000000,#00000000,#00000000
#00000000,#00000000,#00000000,#00000000,#00000000,#00000000,#00000000,#00000000,#00000000,#00000000,#00000000,#00000000,#00000000,#00000000,#00000000,#00000000,#00000000,#00000000,#00000000,#00000000,#00000000
#00000000,#00000000,#00000000,#00000000,#00000000,#00000000,#00000000,#00000000,#00000000,#00000000,#00000000,#00000000,#00000000,#00000000,#00000000,#00000000,#00000000,#00000000,#00000000,#00000000,#00000000
#00000000,#00000000,#00000000,#00000000,#00000000,#00000000,#00000000,#00000000,#00000000,#00000000,#00000000,#00000000,#00000000,#00000000,#00000000,#00000000,#00000000,#00000000,#00000000,#00000000,#00000000
#00000000,#00000000,#00000000,#00000000,#00000000,#00000000,#00000000,#00000000,#00000000,#4A4A4AFF,#4A4A4AFF,#4A4A4AFF,#00000000,#00000000,#00000000,#00000000,#00000000,#00000000,#00000000,#00000000,#00000000
#00000000,#00000000,#00000000,#00000000,#00000000,#00000000,#00000000,#00000000,#4A4A4AFF,#4A4A4AFF,#4A4A4AFF,#4A4A4AFF,#4A4A4AFF,#00000000,#00000000,#00000000,#00000000,#00000000,#00000000,#00000000,#00000000
#00000000,#00000000,#00000000,#00000000,#00000000,#00000000,#00000000,#00000000,#4F312FFF,#4A4A4AFF,#4A4A4AFF,#4A4A4AFF,#4A4A4AFF,#00000000,#00000000,#00000000,#00000000,#00000000,#00000000,#00000000,#00000000
#00000000,#00000000,#00000000,#00000000,#00000000,#00000000,#00000000,#4F312FFF,#4A4A4AFF,#4A4A4AFF,#4A4A4AFF,#4A4A4AFF,#4A4A4AFF,#8C3C1CFF,#00000000,#00000000,#00000000,#00000000,#00000000,#00000000,#00000000
#00000000,#00000000,#00000000,#00000000,#00000000,#00000000,#00000000,#4F312FFF,#4A4A4AFF,#4A4A4AFF,#4A4A4AFF,#4A4A4AFF,#4A4A4AFF,#8C3C1CFF,#00000000,#00000000,#00000000,#00000000,#00000000,#00000000,#00000000
#00000000,#00000000,#00000000,#00000000,#00000000,#00000000,#00000000,#4A4A4AFF,#4A4A4AFF,#4A4A4AFF,#4A4A4AFF,#4A4A4AFF,#4A4A4AFF,#4A4A4AFF,#00000000,#00000000,#00000000,#00000000,#00000000,#00000000,#00000000
#00000000,#00000000,#00000000,#00000000,#00000000,#00000000,#00000000,#4A4A4AFF,#8C3C1CFF,#4A4A4AFF,#4A4A4AFF,#4A4A4AFF,#4A4A4AFF,#4A4A4AFF,#00000000,#00000000,#00000000,#00000000,#00000000,#00000000,#00000000
#00000000,#00000000,#00000000,#00000000,#00000000,#00000000,#00000000,#8C3C1CFF,#8C3C1CFF,#4A4A4AFF,#4A4A4AFF,#4F312FFF,#4A4A4AFF,#4A4A4AFF,#00000000,#00000000,#00000000,#00000000,#00000000,#00000000,#00000000
#00000000,#00000000,#00000000,#00000000,#4A4A4AFF,#00000000,#00000000,#8C3C1CFF,#4A4A4AFF,#4A4A4AFF,#4F312FFF,#4F312FFF,#4F312FFF,#4F312FFF,#00000000,#00000000,#4A4A4AFF,#00000000,#00000000,#00000000,#00000000
#00000000,#00000000,#00000000,#4A4A4AFF,#4A4A4AFF,#4A4A4AFF,#00000000,#8C3C1CFF,#4A4A4AFF,#4A4A4AFF,#4A4A4AFF,#4F312FFF,#4F312FFF,#4F312FFF,#00000000,#4A4A4AFF,#4A4A4AFF,#4A4A4AFF,#00000000,#00000000,#00000000
#00000000,#00000000,#00000000,#4A4A4AFF,#4A4A4AFF,#4A4A4AFF,#00000000,#4A4A4AFF,#4A4A4AFF,#4A4A4AFF,#4A4A4AFF,#4F312FFF,#4F312FFF,#4A4A4AFF,#00000000,#4A4A4AFF,#4A4A4AFF,#8C3C1CFF,#00000000,#00000000,#00000000
#00000000,#00000000,#00000000,#4A4A4AFF,#4A4A4AFF,#4A4A4AFF,#00000000,#4F312FFF,#4A4A4AFF,#4A4A4AFF,#4F312FFF,#4F312FFF,#8C3C1CFF,#4A4A4AFF,#00000000,#8C3C1CFF,#4A4A4AFF,#8C3C1CFF,#00000000,#00000000,#00000000
#00000000,#00000000,#00000000,#4A4A4AFF,#4A4A4AFF,#4A4A4AFF,#00000000,#4F312FFF,#4A4A4AFF,#4A4A4AFF,#4F312FFF,#8C3C1CFF,#8C3C1CFF,#8C3C1CFF,#00000000,#8C3C1CFF,#4A4A4AFF,#4A4A4AFF,#00000000,#00000000,#00000000
#00000000,#00000000,#00000000,#4A4A4AFF,#4A4A4AFF,#4F312FFF,#00000000,#4F312FFF,#4A4A4AFF,#4A4A4AFF,#4A4A4AFF,#8C3C1CFF,#8C3C1CFF,#8C3C1CFF,#00000000,#4A4A4AFF,#4A4A4AFF,#4A4A4AFF,#00000000,#00000000,#00000000
#00000000,#00000000,#00000000,#4A4A4AFF,#4A4A4AFF,#4F312FFF,#00000000,#4F312FFF,#4A4A4AFF,#8C3C1CFF,#8C3C1CFF,#8C3C1CFF,#8C3C1CFF,#8C3C1CFF,#00000000,#4A4A4AFF,#4A4A4AFF,#4A4A4AFF,#00000000,#00000000,#00000000
#00000000,#00000000,#00000000,#00000000,#4A4A4AFF,#4F312FFF,#00000000,#4A4A4AFF,#4A4A4AFF,#4A4A4AFF,#8C3C1CFF,#8C3C1CFF,#4A4A4AFF,#4A4A4AFF,#00000000,#4A4A4AFF,#4A4A4AFF,#00000000,#00000000,#00000000,#00000000
#00000000,#00000000,#00000000,#00000000,#4A4A4AFF,#00000000,#00000000,#4A4A4AFF,#4A4A4AFF,#4A4A4AFF,#4A4A4AFF,#4A4A4AFF,#4A4A4AFF,#4A4A4AFF,#00000000,#00000000,#4A4A4AFF,#00000000,#00000000,#00000000,#00000000
#00000000,#00000000,#00000000,#00000000,#00000000,#00000000,#00000000,#4A4A4AFF,#4F312FFF,#4A4A4AFF,#4A4A4AFF,#4F312FFF,#4F312FFF,#4F312FFF,#00000000,#00000000,#00000000,#00000000,#00000000,#00000000,#00000000
#00000000,#00000000,#00000000,#00000000,#00000000,#00000000,#00000000,#4A4A4AFF,#4F312FFF,#4A4A4AFF,#4A4A4AFF,#4A4A4AFF,#4F312FFF,#4F312FFF,#00000000,#00000000,#00000000,#00000000,#00000000,#00000000,#00000000
#00000000,#00000000,#00000000,#00000000,#00000000,#00000000,#00000000,#4F312FFF,#4A4A4AFF,#4A4A4AFF,#4A4A4AFF,#4A4A4AFF,#4A4A4AFF,#4A4A4AFF,#00000000,#00000000,#00000000,#00000000,#00000000,#00000000,#00000000
#00000000,#00000000,#00000000,#00000000,#00000000,#00000000,#4A4A4AFF,#4A4A4AFF,#4A4A4AFF,#4A4A4AFF,#8C3C1CFF,#4A4A4AFF,#4A4A4AFF,#4A4A4AFF,#00000000,#00000000,#00000000,#00000000,#00000000,#00000000,#00000000
#00000000,#00000000,#00000000,#00000000,#00000000,#00000000,#4A4A4AFF,#4A4A4AFF,#4A4A4AFF,#8C3C1CFF,#8C3C1CFF,#8C3C1CFF,#4A4A4AFF,#4F312FFF,#4A4A4AFF,#00000000,#00000000,#00000000,#00000000,#00000000,#00000000
#00000000,#00000000,#00000000,#00000000,#00000000,#00000000,#4A4A4AFF,#4A4A4AFF,#4A4A4AFF,#8C3C1CFF,#8C3C1CFF,#8C3C1CFF,#4A4A4AFF,#4A4A4AFF,#4A4A4AFF,#00000000,#00000000,#00000000,#00000000,#00000000,#00000000
#00000000,#00000000,#00000000,#00000000,#00000000,#4A4A4AFF,#4A4A4AFF,#4A4A4AFF,#4A4A4AFF,#4A4A4AFF,#8C3C1CFF,#8C3C1CFF,#4A4A4AFF,#4A4A4AFF,#4A4A4AFF,#4A4A4AFF,#00000000,#00000000,#00000000,#00000000,#00000000
#00000000,#00000000,#00000000,#00000000,#8C3C1CFF,#4F312FFF,#4F312FFF,#4F312FFF,#4A4A4AFF,#4A4A4AFF,#4A4A4AFF,#4A4A4AFF,#4A4A4AFF,#8C3C1CFF,#4A4A4AFF,#4A4A4AFF,#4A4A4AFF,#00000000,#00000000,#00000000,#00000000
#00000000,#00000000,#00000000,#00000000,#00000000,#00000000,#00000000,#00000000,#00000000,#00000000,#00000000,#00000000,#00000000,#00000000,#00000000,#00000000,#00000000,#00000000,#00000000,#00000000,#00000000
#00000000,#00000000,#00000000,#00000000,#00000000,#00000000,#00000000,#00000000,#00000000,#00000000,#00000000,#00000000,#00000000,#00000000,#00000000,#00000000,#00000000,#00000000,#00000000,#00000000,#00000000
#00000000,#00000000,#00000000,#00000000,#00000000,#00000000,#00000000,#00000000,#00000000,#00000000,#00000000,#00000000,#00000000,#00000000,#00000000,#00000000,#00000000,#00000000,#00000000,#00000000,#00000000

#00000000,#00000000,#00000000,#00000000,#00000000,#00000000,#00000000,#00000000,#00000000,#00000000,#00000000,#00000000,#00000000,#00000000,#00000000,#00000000,#00000000,#00000000,#00000000,#00000000,#00000000
#00000000,#00000000,#00000000,#00000000,#00000000,#00000000,#00000000,#00000000,#00000000,#00000000,#00000000,#00000000,#00000000,#00000000,#00000000,#00000000,#00000000,#00000000,#00000000,#00000000,#00000000
#00000000,#00000000,#00000000,#00000000,#00000000,#00000000,#00000000,#00000000,#00000000,#00000000,#00000000,#00000000,#00000000,#00000000,#00000000,#00000000,#00000000,#00000000,#00000000,#00000000,#00000000
#00000000,#00000000,#00000000,#00000000,#00000000,#00000000,#00000000,#00000000,#00000000,#4F312FFF,#4A4A4AFF,#4A4A4AFF,#00000000,#00000000,#00000000,#00000000,#00000000,#00000000,#00000000,#00000000,#00000000
#00000000,#00000000,#00000000,#00000000,#00000000,#00000000,#00000000,#00000000,#4A4A4AFF,#4A4A4AFF,#4A4A4AFF,#4A4A4AFF,#4A4A4AFF,#00000000,#00000000,#00000000,#00000000,#00000000,#00000000,#00000000,#00000000
#00000000,#00000000,#00000000,#00000000,#00000000,#00000000,#00000000,#4A4A4AFF,#4A4A4AFF,#4A4A4AFF,#4A4A4AFF,#4A4A4AFF,#4A4A4AFF,#4F312FFF,#00000000,#00000000,#00000000,#00000000,#00000000,#00000000,#00000000
#00000000,#00000000,#00000000,#00000000,#00000000,#00000000,#00000000,#4F312FFF,#4A4A4AFF,#4A4A4AFF,#4A4A4AFF,#4A4A4AFF,#4A4A4AFF,#4F312FFF,#00000000,#00000000,#00000000,#00000000,#00000000,#00000000,#00000000
#00000000,#00000000,#00000000,#00000000,#00000000,#00000000,#00000000,#4F312FFF,#4A4A4AFF,#4A4A4AFF,#4A4A4AFF,#4A4A4AFF,#4A4A4AFF,#4F312FFF,#00000000,#00000000,#00000000,#00000000,#00000000,#00000000,#00000000
#00000000,#00000000,#00000000,#00000000,#00000000,#00000000,#4F312FFF,#4A4A4AFF,#4A4A4AFF,#4A4A4AFF,#4A4A4AFF,#4A4A4AFF,#4A4A4AFF,#4A4A4AFF,#4F312FFF,#00000000,#00000000,#00000000,#00000000,#00000000,#00000000
#00000000,#00000000,#00000000,#00000000,#00000000,#00000000,#4A4A4AFF,#4A4A4AFF,#4A4A4AFF,#4A4A4AFF,#4A4A4AFF,#4A4A4AFF,#4A4A4AFF,#4A4A4AFF,#4A4A4AFF,#00000000,#00000000,#00000000,#00000000,#00000000,#00000000
#00000000,#00000000,#00000000,#00000000,#00000000,#00000000,#4A4A4AFF,#4A4A4AFF,#4A4A4AFF,#4A4A4AFF,#4A4A4AFF,#4A4A4AFF,#4A4A4AFF,#4A4A4AFF,#4A4A4AFF,#00000000,#00000000,#00000000,#00000000,#00000000,#00000000
#00000000,#00000000,#00000000,#00000000,#00000000,#00000000,#8C3C1CFF,#4A4A4AFF,#4A4A4AFF,#4A4A4AFF,#4A4A4AFF,#4A4A4AFF,#4A4A4AFF,#4A4A4AFF,#8C3C1CFF,#00000000,#00000000,#00000000,#00000000,#00000000,#00000000
#00000000,#00000000,#00000000,#00000000,#00000000,#00000000,#8C3C1CFF,#4A4A4AFF,#4A4A4AFF,#4A4A4AFF,#4A4A4AFF,#4A4A4AFF,#4A4A4AFF,#4A4A4AFF,#4A4A4AFF,#00000000,#00000000,#00000000,#00000000,#00000000,#00000000
#00000000,#00000000,#00000000,#00000000,#00000000,#00000000,#8C3C1CFF,#4A4A4AFF,#4A4A4AFF,#4A4A4AFF,#4A4A4AFF,#4A4A4AFF,#4A4A4AFF,#4A4A4AFF,#4A4A4AFF,#00000000,#00000000,#00000000,#00000000,#00000000,#00000000
#00000000,#00000000,#00000000,#00000000,#4A4A4AFF,#4A4A4AFF,#4A4A4AFF,#4A4A4AFF,#4A4A4AFF,#4A4A4AFF,#4A4A4AFF,#4A4A4AFF,#4A4A4AFF,#4A4A4AFF,#4A4A4AFF,#4A4A4AFF,#4A4A4AFF,#00000000,#00000000,#00000000,#00000000
#00000000,#00000000,#00000000,#00000000,#4A4A4AFF,#4A4A4AFF,#4A4A4AFF,#4A4A4AFF,#4A4A4AFF,#4A4A4AFF,#4A4A4AFF,#4A4A4AFF,#4A4A4AFF,#4A4A4AFF,#4A4A4AFF,#4A4A4AFF,#4A4A4AFF,#00000000,#00000000,#00000000,#00000000
#00000000,#00000000,#00000000,#00000000,#4A4A4AFF,#4A4A4AFF,#4A4A4AFF,#4A4A4AFF,#4A4A4AFF,#4A4A4AFF,#4A4A4AFF,#4A4A4AFF,#4A4A4AFF,#4A4A4AFF,#4A4A4AFF,#4A4A4AFF,#8C3C1CFF,#00000000,#00000000,#00000000,#00000000
#00000000,#00000000,#00000000,#00000000,#4A4A4AFF,#4A4A4AFF,#4F312FFF,#4A4A4AFF,#4A4A4AFF,#4A4A4AFF,#4A4A4AFF,#4A4A4AFF,#4A4A4AFF,#4A4A4AFF,#4A4A4AFF,#4A4A4AFF,#8C3C1CFF,#00000000,#00000000,#00000000,#00000000
#00000000,#00000000,#00000000,#00000000,#4A4A4AFF,#4A4A4AFF,#4F312FFF,#4A4A4AFF,#4A4A4AFF,#4A4A4AFF,#4A4A4AFF,#4A4A4AFF,#4A4A4AFF,#4A4A4AFF,#8C3C1CFF,#4A4A4AFF,#4A4A4AFF,#00000000,#00000000,#00000000,#00000000
#00000000,#00000000,#00000000,#00000000,#4A4A4AFF,#4A4A4AFF,#4F312FFF,#4A4A4AFF,#4A4A4AFF,#4A4A4AFF,#4A4A4AFF,#4A4A4AFF,#4A4A4AFF,#4A4A4AFF,#4A4A4AFF,#4A4A4AFF,#4A4A4AFF,#00000000,#00000000,#00000000,#00000000
#00000000,#00000000,#00000000,#00000000,#4A4A4AFF,#4A4A4AFF,#4A4A4AFF,#4A4A4AFF,#4A4A4AFF,#4A4A4AFF,#4A4A4AFF,#4A4A4AFF,#4A4A4AFF,#4A4A4AFF,#4A4A4AFF,#4A4A4AFF,#4A4A4AFF,#00000000,#00000000,#00000000,#00000000
#00000000,#00000000,#00000000,#00000000,#4A4A4AFF,#4A4A4AFF,#4A4A4AFF,#4A4A4AFF,#4A4A4AFF,#4A4A4AFF,#4A4A4AFF,#4A4A4AFF,#4A4A4AFF,#4A4A4AFF,#4F312FFF,#4F312FFF,#4A4A4AFF,#00000000,#00000000,#00000000,#00000000
#00000000,#00000000,#00000000,#00000000,#00000000,#00000000,#4A4A4AFF,#4A4A4AFF,#4A4A4AFF,#4A4A4AFF,#4A4A4AFF,#4A4A4AFF,#4A4A4AFF,#4A4A4AFF,#4F312FFF,#00000000,#00000000,#00000000,#00000000,#00000000,#00000000
#00000000,#00000000,#00000000,#00000000,#00000000,#00000000,#4A4A4AFF,#4A4A4AFF,#4A4A4AFF,#4A4A4AFF,#4A4A4AFF,#4A4A4AFF,#4A4A4AFF,#4A4A4AFF,#4F312FFF,#00000000,#00000000,#00000000,#00000000,#00000000,#00000000
#00000000,#00000000,#00000000,#00000000,#00000000,#00000000,#4F312FFF,#4A4A4AFF,#4A4A4AFF,#4A4A4AFF,#4A4A4AFF,#4A4A4AFF,#4A4A4AFF,#4A4A4AFF,#4F312FFF,#00000000,#00000000,#00000000,#00000000,#00000000,#00000000
#00000000,#00000000,#00000000,#00000000,#00000000,#00000000,#4F312FFF,#4A4A4AFF,#4A4A4AFF,#4A4A4AFF,#4A4A4AFF,#4A4A4AFF,#4A4A4AFF,#4A4A4AFF,#4A4A4AFF,#00000000,#00000000,#00000000,#00000000,#00000000,#00000000
#00000000,#00000000,#00000000,#00000000,#00000000,#00000000,#4A4A4AFF,#4A4A4AFF,#4A4A4AFF,#4A4A4AFF,#4A4A4AFF,#4A4A4AFF,#4A4A4AFF,#4A4A4AFF,#4A4A4AFF,#00000000,#00000000,#00000000,#00000000,#00000000,#00000000
#00000000,#00000000,#00000000,#00000000,#00000000,#00000000,#4A4A4AFF,#4A4A4AFF,#4A4A4AFF,#4A4A4AFF,#4A4A4AFF,#4A4A4AFF,#4A4A4AFF,#4A4A4AFF,#4A4A4AFF,#00000000,#00000000,#00000000,#00000000,#00000000,#00000000
#00000000,#00000000,#00000000,#00000000,#00000000,#00000000,#4A4A4AFF,#4A4A4AFF,#4A4A4AFF,#4A4A4AFF,#4A4A4AFF,#4A4A4AFF,#4A4A4AFF,#4A4A4AFF,#4A4A4AFF,#00000000,#00000000,#00000000,#00000000,#00000000,#00000000
#00000000,#00000000,#00000000,#00000000,#00000000,#00000000,#4F312FFF,#4F312FFF,#4A4A4AFF,#FEFEFEFF,#FEFEFEFF,#FEFEFEFF,#8C3C1CFF,#8C3C1CFF,#4A4A4AFF,#00000000,#00000000,#00000000,#00000000,#00000000,#00000000
#00000000,#00000000,#00000000,#00000000,#00000000,#00000000,#00000000,#00000000,#00000000,#00000000,#00000000,#00000000,#00000000,#00000000,#00000000,#00000000,#00000000,#00000000,#00000000,#00000000,#00000000
#00000000,#00000000,#00000000,#00000000,#00000000,#00000000,#00000000,#00000000,#00000000,#00000000,#00000000,#00000000,#00000000,#00000000,#00000000,#00000000,#00000000,#00000000,#00000000,#00000000,#00000000
#00000000,#00000000,#00000000,#00000000,#00000000,#00000000,#00000000,#00000000,#00000000,#00000000,#00000000,#00000000,#00000000,#00000000,#00000000,#00000000,#00000000,#00000000,#00000000,#00000000,#00000000

#00000000,#00000000,#00000000,#00000000,#00000000,#00000000,#00000000,#00000000,#00000000,#00000000,#4A4A4AFF,#00000000,#00000000,#00000000,#00000000,#00000000,#00000000,#00000000,#00000000,#00000000,#00000000
#00000000,#00000000,#00000000,#00000000,#00000000,#00000000,#00000000,#00000000,#00000000,#4F312FFF,#4A4A4AFF,#4A4A4AFF,#00000000,#00000000,#00000000,#00000000,#00000000,#00000000,#00000000,#00000000,#00000000
#00000000,#00000000,#00000000,#00000000,#00000000,#00000000,#00000000,#00000000,#4F312FFF,#4F312FFF,#4A4A4AFF,#4A4A4AFF,#4A4A4AFF,#00000000,#00000000,#00000000,#00000000,#00000000,#00000000,#00000000,#00000000
#00000000,#00000000,#00000000,#00000000,#00000000,#00000000,#00000000,#4F312FFF,#4A4A4AFF,#4A4A4AFF,#4A4A4AFF,#4A4A4AFF,#4A4A4AFF,#4A4A4AFF,#00000000,#00000000,#00000000,#00000000,#00000000,#00000000,#00000000
#00000000,#00000000,#00000000,#00000000,#00000000,#00000000,#4A4A4AFF,#4A4A4AFF,#4A4A4AFF,#4A4A4AFF,#4A4A4AFF,#4A4A4AFF,#4A4A4AFF,#4F312FFF,#4A4A4AFF,#00000000,#00000000,#00000000,#00000000,#00000000,#00000000
#00000000,#00000000,#00000000,#00000000,#00000000,#00000000,#4A4A4AFF,#4A4A4AFF,#4A4A4AFF,#4A4A4AFF,#4A4A4AFF,#4A4A4AFF,#4A4A4AFF,#4A4A4AFF,#4F312FFF,#00000000,#00000000,#00000000,#00000000,#00000000,#00000000
#00000000,#00000000,#00000000,#00000000,#00000000,#4F312FFF,#4A4A4AFF,#4A4A4AFF,#4A4A4AFF,#4A4A4AFF,#4A4A4AFF,#4A4A4AFF,#4A4A4AFF,#4A4A4AFF,#4F312FFF,#00000000,#00000000,#00000000,#00000000,#00000000,#00000000
#00000000,#00000000,#00000000,#00000000,#00000000,#4F312FFF,#4F312FFF,#4A4A4AFF,#4A4A4AFF,#4A4A4AFF,#4A4A4AFF,#4A4A4AFF,#4A4A4AFF,#4A4A4AFF,#4F312FFF,#4F312FFF,#00000000,#00000000,#00000000,#00000000,#00000000
#00000000,#00000000,#00000000,#00000000,#00000000,#4A4A4AFF,#4A4A4AFF,#4A4A4AFF,#4A4A4AFF,#4A4A4AFF,#4A4A4AFF,#4A4A4AFF,#4A4A4AFF,#4A4A4AFF,#4A4A4AFF,#4A4A4AFF,#00000000,#00000000,#00000000,#00000000,#00000000
#00000000,#00000000,#00000000,#00000000,#00000000,#4A4A4AFF,#4A4A4AFF,#4A4A4AFF,#4A4A4AFF,#4A4A4AFF,#4A4A4AFF,#4A4A4AFF,#4A4A4AFF,#4A4A4AFF,#4A4A4AFF,#4A4A4AFF,#00000000,#00000000,#00000000,#00000000,#00000000
#00000000,#00000000,#00000000,#00000000,#00000000,#4A4A4AFF,#4A4A4AFF,#4A4A4AFF,#4A4A4AFF,#4A4A4AFF,#4A4A4AFF,#4A4A4AFF,#4A4A4AFF,#4A4A4AFF,#4A4A4AFF,#8C3C1CFF,#00000000,#00000000,#00000000,#00000000,#00000000
#00000000,#00000000,#00000000,#00000000,#4A4A4AFF,#4A4A4AFF,#4A4A4AFF,#4A4A4AFF,#4A4A4AFF,#4A4A4AFF,#4A4A4AFF,#4A4A4AFF,#4A4A4AFF,#4A4A4AFF,#4A4A4AFF,#8C3C1CFF,#8C3C1CFF,#00000000,#00000000,#00000000,#00000000
#00000000,#00000000,#00000000,#00000000,#4A4A4AFF,#8C3C1CFF,#4A4A4AFF,#4A4A4AFF,#4A4A4AFF,#4A4A4AFF,#4A4A4AFF,#4A4A4AFF,#4A4A4AFF,#4A4A4AFF,#4A4A4AFF,#4A4A4AFF,#4A4A4AFF,#00000000,#00000000,#00000000,#00000000
#00000000,#00000000,#00000000,#00000000,#4A4A4AFF,#4A4A4AFF,#4A4A4AFF,#4A4A4AFF,#4A4A4AFF,#4A4A4AFF,#4A4A4AFF,#4A4A4AFF,#4A4A4AFF,#4A4A4AFF,#4A4A4AFF,#4A4A4AFF,#4A4A4AFF,#00000000,#00000000,#00000000,#00000000
#4A4A4AFF,#00000000,#00000000,#00000000,#4A4A4AFF,#4A4A4AFF,#4A4A4AFF,#4A4A4AFF,#4A4A4AFF,#4A4A4AFF,#4A4A4AFF,#4A4A4AFF,#4A4A4AFF,#4A4A4AFF,#4A4A4AFF,#4A4A4AFF,#4A4A4AFF,#00000000,#00000000,#00000000,#8C3C1CFF
#4A4A4AFF,#00000000,#00000000,#00000000,#4A4A4AFF,#4A4A4AFF,#4A4A4AFF,#4A4A4AFF,#4A4A4AFF,#4A4A4AFF,#4A4A4AFF,#4A4A4AFF,#4A4A4AFF,#4A4A4AFF,#4A4A4AFF,#4A4A4AFF,#8C3C1CFF,#00000000,#00000000,#00000000,#8C3C1CFF
#4F312FFF,#4A4A4AFF,#00000000,#00000000,#4A4A4AFF,#4A4A4AFF,#4A4A4AFF,#4A4A4AFF,#4A4A4AFF,#4A4A4AFF,#4A4A4AFF,#4A4A4AFF,#4A4A4AFF,#4A4A4AFF,#4A4A4AFF,#4A4A4AFF,#8C3C1CFF,#00000000,#00000000,#8C3C1CFF,#4A4A4AFF
#4A4A4AFF,#4A4A4AFF,#4A4A4AFF,#4A4A4AFF,#4A4A4AFF,#4A4A4AFF,#4A4A4AFF,#4A4A4AFF,#4A4A4AFF,#4A4A4AFF,#4A4A4AFF,#4A4A4AFF,#4A4A4AFF,#4A4A4AFF,#4A4A4AFF,#4A4A4AFF,#4A4A4AFF,#8C3C1CFF,#8C3C1CFF,#8C3C1CFF,#4A4A4AFF
#4A4A4AFF,#4A4A4AFF,#4A4A4AFF,#4A4A4AFF,#4A4A4AFF,#4A4A4AFF,#4A4A4AFF,#4A4A4AFF,#4A4A4AFF,#4A4A4AFF,#4A4A4AFF,#4A4A4AFF,#4A4A4AFF,#4A4A4AFF,#4A4A4AFF,#4A4A4AFF,#4A4A4AFF,#4A4A4AFF,#4A4A4AFF,#4A4A4AFF,#4A4A4AFF
#4A4A4AFF,#00000000,#00000000,#00000000,#4A4A4AFF,#4A4A4AFF,#4A4A4AFF,#4A4A4AFF,#4A4A4AFF,#4A4A4AFF,#4A4A4AFF,#4A4A4AFF,#4A4A4AFF,#4A4A4AFF,#4A4A4AFF,#4A4A4AFF,#4A4A4AFF,#00000000,#00000000,#00000000,#4A4A4AFF
#00000000,#00000000,#00000000,#00000000,#4A4A4AFF,#4A4A4AFF,#4A4A4AFF,#4A4A4AFF,#4A4A4AFF,#4A4A4AFF,#4A4A4AFF,#4A4A4AFF,#4A4A4AFF,#4A4A4AFF,#4A4A4AFF,#4A4A4AFF,#4A4A4AFF,#00000000,#00000000,#00000000,#00000000
#00000000,#00000000,#00000000,#00000000,#4A4A4AFF,#4A4A4AFF,#4A4A4AFF,#4A4A4AFF,#4A4A4AFF,#4A4A4AFF,#4A4A4AFF,#4A4A4AFF,#4A4A4AFF,#4A4A4AFF,#4A4A4AFF,#4A4A4AFF,#4A4A4AFF,#00000000,#00000000,#00000000,#00000000
#00000000,#00000000,#00000000,#00000000,#4A4A4AFF,#4A4A4AFF,#4A4A4AFF,#4A4A4AFF,#4A4A4AFF,#4A4A4AFF,#4A4A4AFF,#4A4A4AFF,#4A4A4AFF,#4A4A4AFF,#4A4A4AFF,#4F312FFF,#4A4A4AFF,#00000000,#00000000,#00000000,#00000000
#00000000,#00000000,#00000000,#00000000,#4A4A4AFF,#4A4A4AFF,#4A4A4AFF,#4A4A4AFF,#4A4A4AFF,#4A4A4AFF,#4A4A4AFF,#4A4A4AFF,#4A4A4AFF,#4A4A4AFF,#4A4A4AFF,#4F312FFF,#4F312FFF,#00000000,#00000000,#00000000,#00000000
#00000000,#00000000,#00000000,#00000000,#4F312FFF,#4F312FFF,#4A4A4AFF,#4A4A4AFF,#4A4A4AFF,#4A4A4AFF,#4A4A4AFF,#4A4A4AFF,#4A4A4AFF,#4A4A4AFF,#4A4A4AFF,#4A4A4AFF,#4F312FFF,#00000000,#00000000,#00000000,#00000000
#00000000,#00000000,#00000000,#00000000,#4F312FFF,#4F312FFF,#4A4A4AFF,#4A4A4AFF,#4A4A4AFF,#4A4A4AFF,#4A4A4AFF,#4A4A4AFF,#4A4A4AFF,#4A4A4AFF,#4A4A4AFF,#4A4A4AFF,#4F312FFF,#00000000,#00000000,#00000000,#00000000
#00000000,#00000000,#00000000,#00000000,#4A4A4AFF,#4A4A4AFF,#4A4A4AFF,#4A4A4AFF,#4A4A4AFF,#4A4A4AFF,#4A4A4AFF,#4A4A4AFF,#4A4A4AFF,#4A4A4AFF,#4A4A4AFF,#4F312FFF,#4A4A4AFF,#00000000,#00000000,#00000000,#00000000
#00000000,#00000000,#00000000,#00000000,#4A4A4AFF,#4A4A4AFF,#4A4A4AFF,#4A4A4AFF,#4A4A4AFF,#4A4A4AFF,#4A4A4AFF,#4A4A4AFF,#4A4A4AFF,#4A4A4AFF,#4A4A4AFF,#4A4A4AFF,#4A4A4AFF,#00000000,#00000000,#00000000,#00000000
#00000000,#00000000,#00000000,#00000000,#4A4A4AFF,#4A4A4AFF,#4A4A4AFF,#4A4A4AFF,#4A4A4AFF,#4A4A4AFF,#4A4A4AFF,#4A4A4AFF,#4A4A4AFF,#4A4A4AFF,#4A4A4AFF,#4A4A4AFF,#4A4A4AFF,#00000000,#00000000,#00000000,#00000000
#00000000,#00000000,#00000000,#00000000,#4F312FFF,#4A4A4AFF,#4A4A4AFF,#4A4A4AFF,#4A4A4AFF,#4A4A4AFF,#4A4A4AFF,#4A4A4AFF,#4A4A4AFF,#4A4A4AFF,#4A4A4AFF,#4A4A4AFF,#4A4A4AFF,#00000000,#00000000,#00000000,#00000000
#00000000,#00000000,#00000000,#00000000,#00000000,#4F312FFF,#4F312FFF,#4F312FFF,#FEFEFEFF,#FEFEFEFF,#FEFEFEFF,#FEFEFEFF,#FEFEFEFF,#8C3C1CFF,#8C3C1CFF,#4A4A4AFF,#00000000,#00000000,#00000000,#00000000,#00000000
#00000000,#00000000,#00000000,#00000000,#00000000,#00000000,#00000000,#00000000,#00000000,#00000000,#00000000,#00000000,#00000000,#00000000,#00000000,#00000000,#00000000,#00000000,#00000000,#00000000,#00000000
#00000000,#00000000,#00000000,#00000000,#00000000,#00000000,#00000000,#00000000,#00000000,#00000000,#00000000,#00000000,#00000000,#00000000,#00000000,#00000000,#00000000,#00000000,#00000000,#00000000,#00000000

#00000000,#00000000,#00000000,#00000000,#00000000,#00000000,#00000000,#00000000,#00000000,#4A4A4AFF,#4A4A4AFF,#4A4A4AFF,#00000000,#00000000,#00000000,#00000000,#00000000,#00000000,#00000000,#00000000,#00000000
#00000000,#00000000,#00000000,#00000000,#00000000,#00000000,#00000000,#00000000,#4F312FFF,#4A4A4AFF,#4A4A4AFF,#4A4A4AFF,#4A4A4AFF,#00000000,#00000000,#00000000,#00000000,#00000000,#00000000,#00000000,#00000000
#00000000,#00000000,#00000000,#00000000,#00000000,#00000000,#00000000,#4F312FFF,#4A4A4AFF,#4A4A4AFF,#4A4A4AFF,#4A4A4AFF,#4A4A4AFF,#4A4A4AFF,#00000000,#00000000,#00000000,#00000000,#00000000,#00000000,#00000000
#00000000,#00000000,#00000000,#00000000,#00000000,#00000000,#4F312FFF,#4A4A4AFF,#4A4A4AFF,#4A4A4AFF,#4A4A4AFF,#4A4A4AFF,#4A4A4AFF,#4A4A4AFF,#4A4A4AFF,#00000000,#00000000,#00000000,#00000000,#00000000,#00000000
#00000000,#00000000,#00000000,#00000000,#00000000,#00000000,#4A4A4AFF,#4A4A4AFF,#4A4A4AFF,#4A4A4AFF,#4A4A4AFF,#4A4A4AFF,#4A4A4AFF,#4A4A4AFF,#4A4A4AFF,#00000000,#00000000,#00000000,#00000000,#00000000,#00000000
#00000000,#00000000,#00000000,#00000000,#00000000,#4A4A4AFF,#4A4A4AFF,#4A4A4AFF,#4A4A4AFF,#4A4A4AFF,#4A4A4AFF,#4A4A4AFF,#4A4A4AFF,#4A4A4AFF,#4F312FFF,#00000000,#00000000,#00000000,#00000000,#00000000,#00000000
#00000000,#00000000,#00000000,#00000000,#00000000,#4A4A4AFF,#4A4A4AFF,#4A4A4AFF,#4A4A4AFF,#4A4A4AFF,#4A4A4AFF,#4A4A4AFF,#4A4A4AFF,#4A4A4AFF,#4A4A4AFF,#4A4A4AFF,#00000000,#00000000,#00000000,#00000000,#00000000
#00000000,#00000000,#00000000,#00000000,#00000000,#8C3C1CFF,#4A4A4AFF,#4A4A4AFF,#4A4A4AFF,#4A4A4AFF,#4A4A4AFF,#4A4A4AFF,#4A4A4AFF,#4A4A4AFF,#4A4A4AFF,#4A4A4AFF,#00000000,#00000000,#00000000,#00000000,#00000000
#FF7702FF,#00000000,#00000000,#00000000,#00000000,#8C3C1CFF,#4A4A4AFF,#4A4A4AFF,#4A4A4AFF,#4A4A4AFF,#4A4A4AFF,#4A4A4AFF,#4A4A4AFF,#4A4A4AFF,#4A4A4AFF,#4A4A4AFF,#00000000,#00000000,#00000000,#00000000,#FF7700FF
#4A4A4AFF,#00000000,#00000000,#00000000,#00000000,#4A4A4AFF,#4A4A4AFF,#4A4A4AFF,#4A4A4AFF,#4A4A4AFF,#4A4A4AFF,#4A4A4AFF,#4A4A4AFF,#4A4A4AFF,#4A4A4AFF,#4A4A4AFF,#00000000,#00000000,#00000000,#00000000,#4A4A4AFF
#4A4A4AFF,#00000000,#00000000,#00000000,#4A4A4AFF,#4A4A4AFF,#4A4A4AFF,#4A4A4AFF,#4A4A4AFF,#4A4A4AFF,#4A4A4AFF,#4A4A4AFF,#4A4A4AFF,#4A4A4AFF,#4A4A4AFF,#4A4A4AFF,#4A4A4AFF,#00000000,#00000000,#00000000,#4A4A4AFF
#4A4A4AFF,#00000000,#00000000,#00000000,#4A4A4AFF,#4A4A4AFF,#4A4A4AFF,#4A4A4AFF,#4A4A4AFF,#4A4A4AFF,#4A4A4AFF,#4A4A4AFF,#4A4A4AFF,#4A4A4AFF,#4A4A4AFF,#4A4A4AFF,#4A4A4AFF,#00000000,#00000000,#00000000,#4A4A4AFF
#4F312FFF,#4A4A4AFF,#00000000,#00000000,#4A4A4AFF,#4A4A4AFF,#4A4A4AFF,#4A4A4AFF,#4A4A4AFF,#4A4A4AFF,#4A4A4AFF,#4A4A4AFF,#4A4A4AFF,#4A4A4AFF,#4A4A4AFF,#4A4A4AFF,#4A4A4AFF,#00000000,#00000000,#4A4A4AFF,#4A4A4AFF
#4A4A4AFF,#4A4A4AFF,#00000000,#00000000,#4A4A4AFF,#4A4A4AFF,#4A4A4AFF,#4A4A4AFF,#4A4A4AFF,#4A4A4AFF,#4A4A4AFF,#4A4A4AFF,#4A4A4AFF,#4A4A4AFF,#4A4A4AFF,#4A4A4AFF,#4A4A4AFF,#00000000,#00000000,#4A4A4AFF,#4A4A4AFF
#4F312FFF,#4A4A4AFF,#00000000,#00000000,#4A4A4AFF,#4A4A4AFF,#4A4A4AFF,#4A4A4AFF,#4A4A4AFF,#4A4A4AFF,#4A4A4AFF,#4A4A4AFF,#4A4A4AFF,#4A4A4AFF,#4A4A4AFF,#4A4A4AFF,#4A4A4AFF,#00000000,#00000000,#4A4A4AFF,#4A4A4AFF
#4F312FFF,#4A4A4AFF,#4A4A4AFF,#4A4A4AFF,#4A4A4AFF,#4A4A4AFF,#4A4A4AFF,#4A4A4AFF,#4A4A4AFF,#4A4A4AFF,#4A4A4AFF,#4A4A4AFF,#4A4A4AFF,#4A4A4AFF,#4A4A4AFF,#4A4A4AFF,#4A4A4AFF,#4A4A4AFF,#4A4A4AFF,#4A4A4AFF,#8C3C1CFF
#4F312FFF,#4A4A4AFF,#4A4A4AFF,#4A4A4AFF,#4A4A4AFF,#4A4A4AFF,#4A4A4AFF,#4A4A4AFF,#4A4A4AFF,#4A4A4AFF,#4A4A4AFF,#4A4A4AFF,#4A4A4AFF,#4A4A4AFF,#4A4A4AFF,#4A4A4AFF,#4A4A4AFF,#4A4A4AFF,#4A4A4AFF,#4A4A4AFF,#8C3C1CFF
#4A4A4AFF,#4A4A4AFF,#4A4A4AFF,#4A4A4AFF,#4A4A4AFF,#4A4A4AFF,#4A4A4AFF,#4A4A4AFF,#4A4A4AFF,#4A4A4AFF,#4A4A4AFF,#4A4A4AFF,#4A4A4AFF,#4A4A4AFF,#4A4A4AFF,#4A4A4AFF,#4A4A4AFF,#4A4A4AFF,#4A4A4AFF,#4A4A4AFF,#4A4A4AFF
#4A4A4AFF,#4A4A4AFF,#4A4A4AFF,#4A4A4AFF,#4A4A4AFF,#4A4A4AFF,#4A4A4AFF,#4A4A4AFF,#4A4A4AFF,#4A4A4AFF,#4A4A4AFF,#4A4A4AFF,#4A4A4AFF,#4A4A4AFF,#4A4A4AFF,#4A4A4AFF,#4A4A4AFF,#4A4A4AFF,#4A4A4AFF,#4A4A4AFF,#4A4A4AFF
#4A4A4AFF,#4A4A4AFF,#4A4A4AFF,#4A4A4AFF,#4A4A4AFF,#4A4A4AFF,#4A4A4AFF,#4A4A4AFF,#4A4A4AFF,#4A4A4AFF,#4A4A4AFF,#4A4A4AFF,#4A4A4AFF,#4A4A4AFF,#4A4A4AFF,#4A4A4AFF,#4A4A4AFF,#4A4A4AFF,#4A4A4AFF,#4A4A4AFF,#4A4A4AFF
#8C3C1CFF,#4A4A4AFF,#4A4A4AFF,#4A4A4AFF,#4A4A4AFF,#4A4A4AFF,#4A4A4AFF,#4A4A4AFF,#4A4A4AFF,#4A4A4AFF,#4A4A4AFF,#4A4A4AFF,#4A4A4AFF,#4A4A4AFF,#4A4A4AFF,#4A4A4AFF,#4A4A4AFF,#4A4A4AFF,#4A4A4AFF,#4A4A4AFF,#4A4A4AFF
#8C3C1CFF,#4A4A4AFF,#00000000,#00000000,#4A4A4AFF,#4A4A4AFF,#4A4A4AFF,#4A4A4AFF,#4A4A4AFF,#4A4A4AFF,#4A4A4AFF,#4A4A4AFF,#4A4A4AFF,#4A4A4AFF,#4A4A4AFF,#4A4A4AFF,#4A4A4AFF,#00000000,#00000000,#4F312FFF,#4A4A4AFF
#8C3C1CFF,#4A4A4AFF,#00000000,#00000000,#4A4A4AFF,#4A4A4AFF,#4A4A4AFF,#4A4A4AFF,#4A4A4AFF,#4A4A4AFF,#4A4A4AFF,#4A4A4AFF,#4A4A4AFF,#4A4A4AFF,#4A4A4AFF,#4A4A4AFF,#4A4A4AFF,#00000000,#00000000,#4F312FFF,#4F312FFF
#4A4A4AFF,#4A4A4AFF,#00000000,#00000000,#4A4A4AFF,#4A4A4AFF,#4A4A4AFF,#4A4A4AFF,#4A4A4AFF,#4A4A4AFF,#4A4A4AFF,#4A4A4AFF,#4A4A4AFF,#4A4A4AFF,#4A4A4AFF,#4A4A4AFF,#4A4A4AFF,#00000000,#00000000,#4F312FFF,#4F312FFF
#4A4A4AFF,#4A4A4AFF,#00000000,#00000000,#4A4A4AFF,#4A4A4AFF,#4A4A4AFF,#4A4A4AFF,#4A4A4AFF,#4A4A4AFF,#4A4A4AFF,#4A4A4AFF,#4A4A4AFF,#4A4A4AFF,#4A4A4AFF,#4A4A4AFF,#4A4A4AFF,#00000000,#00000000,#4A4A4AFF,#4F312FFF
#4A4A4AFF,#4A4A4AFF,#00000000,#00000000,#4F312FFF,#4A4A4AFF,#4A4A4AFF,#4A4A4AFF,#4A4A4AFF,#4A4A4AFF,#4A4A4AFF,#4A4A4AFF,#4A4A4AFF,#4A4A4AFF,#4A4A4AFF,#4A4A4AFF,#4A4A4AFF,#00000000,#00000000,#4A4A4AFF,#4A4A4AFF
#FFFF04FF,#FFFF05FF,#00000000,#00000000,#4A4A4AFF,#4A4A4AFF,#4A4A4AFF,#4A4A4AFF,#4A4A4AFF,#4A4A4AFF,#4A4A4AFF,#4A4A4AFF,#4A4A4AFF,#4A4A4AFF,#4A4A4AFF,#4A4A4AFF,#4A4A4AFF,#00000000,#00000000,#FFFF00FF,#FFFF02FF
#00000000,#00000000,#00000000,#4A4A4AFF,#4A4A4AFF,#4A4A4AFF,#4A4A4AFF,#4A4A4AFF,#4A4A4AFF,#4A4A4AFF,#4A4A4AFF,#4A4A4AFF,#4A4A4AFF,#4A4A4AFF,#4A4A4AFF,#4A4A4AFF,#4A4A4AFF,#4A4A4AFF,#00000000,#00000000,#00000000
#00000000,#00000000,#00000000,#00000000,#4A4A4AFF,#4A4A4AFF,#4A4A4AFF,#4A4A4AFF,#4A4A4AFF,#4A4A4AFF,#4A4A4AFF,#4A4A4AFF,#4A4A4AFF,#4A4A4AFF,#4A4A4AFF,#4A4A4AFF,#4A4A4AFF,#00000000,#00000000,#00000000,#00000000
#00000000,#00000000,#00000000,#00000000,#4A4A4AFF,#4A4A4AFF,#4A4A4AFF,#4A4A4AFF,#4A4A4AFF,#4A4A4AFF,#4A4A4AFF,#4A4A4AFF,#4A4A4AFF,#4A4A4AFF,#4A4A4AFF,#4A4A4AFF,#4A4A4AFF,#00000000,#00000000,#00000000,#00000000
#00000000,#00000000,#00000000,#00000000,#4A4A4AFF,#4A4A4AFF,#4A4A4AFF,#4A4A4AFF,#4A4A4AFF,#4A4A4AFF,#4A4A4AFF,#4A4A4AFF,#4A4A4AFF,#4A4A4AFF,#4A4A4AFF,#4A4A4AFF,#4A4A4AFF,#00000000,#00000000,#00000000,#00000000
#00000000,#00000000,#00000000,#00000000,#00000000,#4A4A4AFF,#4F312FFF,#4F312FFF,#FEFEFEFF,#4A4A4AFF,#FEFEFEFF,#4A4A4AFF,#FEFEFEFF,#8C3C1CFF,#4A4A4AFF,#4A4A4AFF,#00000000,#00000000,#00000000,#00000000,#00000000
#00000000,#00000000,#00000000,#00000000,#00000000,#00000000,#00000000,#00000000,#00000000,#00000000,#00000000,#00000000,#00000000,#00000000,#00000000,#00000000,#00000000,#00000000,#00000000,#00000000,#00000000

#00000000,#00000000,#00000000,#00000000,#00000000,#00000000,#00000000,#00000000,#00000000,#4A4A4AFF,#4A4A4AFF,#4A4A4AFF,#00000000,#00000000,#00000000,#00000000,#00000000,#00000000,#00000000,#00000000,#00000000
#00000000,#00000000,#00000000,#00000000,#00000000,#00000000,#00000000,#00000000,#4A4A4AFF,#4A4A4AFF,#4A4A4AFF,#4A4A4AFF,#4F312FFF,#00000000,#00000000,#00000000,#00000000,#00000000,#00000000,#00000000,#00000000
#00000000,#00000000,#00000000,#00000000,#00000000,#00000000,#00000000,#4A4A4AFF,#4A4A4AFF,#4A4A4AFF,#4A4A4AFF,#4A4A4AFF,#4A4A4AFF,#4F312FFF,#00000000,#00000000,#00000000,#00000000,#00000000,#00000000,#00000000
#00000000,#00000000,#00000000,#00000000,#00000000,#00000000,#4A4A4AFF,#4A4A4AFF,#4A4A4AFF,#4A4A4AFF,#4A4A4AFF,#4A4A4AFF,#4A4A4AFF,#4A4A4AFF,#4A4A4AFF,#00000000,#00000000,#00000000,#00000000,#00000000,#00000000
#00000000,#00000000,#00000000,#00000000,#00000000,#00000000,#4A4A4AFF,#4A4A4AFF,#4A4A4AFF,#4A4A4AFF,#4A4A4AFF,#4A4A4AFF,#4A4A4AFF,#4A4A4AFF,#4A4A4AFF,#00000000,#00000000,#00000000,#00000000,#00000000,#00000000
#00000000,#00000000,#00000000,#00000000,#00000000,#4A4A4AFF,#4A4A4AFF,#4A4A4AFF,#4A4A4AFF,#4A4A4AFF,#4A4A4AFF,#4A4A4AFF,#4A4A4AFF,#4A4A4AFF,#4A4A4AFF,#00000000,#00000000,#00000000,#00000000,#00000000,#00000000
#00000000,#00000000,#00000000,#00000000,#00000000,#8C3C1CFF,#4A4A4AFF,#4A4A4AFF,#4A4A4AFF,#4A4A4AFF,#4A4A4AFF,#4A4A4AFF,#4A4A4AFF,#4A4A4AFF,#4A4A4AFF,#4A4A4AFF,#00000000,#00000000,#00000000,#00000000,#00000000
#00000000,#00000000,#00000000,#00000000,#00000000,#8C3C1CFF,#4A4A4AFF,#4A4A4AFF,#4A4A4AFF,#4A4A4AFF,#4A4A4AFF,#4A4A4AFF,#4A4A4AFF,#4A4A4AFF,#4A4A4AFF,#4A4A4AFF,#00000000,#00000000,#00000000,#00000000,#00000000
#00000000,#00000000,#00000000,#00000000,#00000000,#4A4A4AFF,#4A4A4AFF,#4A4A4AFF,#4A4A4AFF,#4A4A4AFF,#4A4A4AFF,#4A4A4AFF,#4A4A4AFF,#4A4A4AFF,#4A4A4AFF,#4A4A4AFF,#00000000,#00000000,#00000000,#00000000,#00000000
#00000000,#00000000,#00000000,#00000000,#00000000,#4A4A4AFF,#4A4A4AFF,#4A4A4AFF,#4A4A4AFF,#4A4A4AFF,#4A4A4AFF,#4A4A4AFF,#4A4A4AFF,#4A4A4AFF,#4A4A4AFF,#4A4A4AFF,#00000000,#00000000,#00000000,#00000000,#00000000
#00000000,#00000000,#00000000,#00000000,#4A4A4AFF,#4A4A4AFF,#4A4A4AFF,#4A4A4AFF,#4A4A4AFF,#4A4A4AFF,#4A4A4AFF,#4A4A4AFF,#4A4A4AFF,#4A4A4AFF,#4A4A4AFF,#4A4A4AFF,#4A4A4AFF,#00000000,#00000000,#00000000,#00000000
#4A4A4AFF,#00000000,#00000000,#00000000,#4A4A4AFF,#4A4A4AFF,#4A4A4AFF,#4A4A4AFF,#4A4A4AFF,#4A4A4AFF,#4A4A4AFF,#4A4A4AFF,#4A4A4AFF,#4A4A4AFF,#4A4A4AFF,#4A4A4AFF,#4A4A4AFF,#00000000,#00000000,#00000000,#4A4A4AFF
#4F312FFF,#00000000,#00000000,#00000000,#4A4A4AFF,#4A4A4AFF,#4A4A4AFF,#4A4A4AFF,#4A4A4AFF,#4A4A4AFF,#4A4A4AFF,#4A4A4AFF,#4A4A4AFF,#4A4A4AFF,#4A4A4AFF,#4A4A4AFF,#4F312FFF,#00000000,#00000000,#00000000,#8C3C1CFF
#4F312FFF,#4A4A4AFF,#00000000,#00000000,#4A4A4AFF,#4A4A4AFF,#4A4A4AFF,#4A4A4AFF,#4A4A4AFF,#4A4A4AFF,#4A4A4AFF,#4A4A4AFF,#4A4A4AFF,#4A4A4AFF,#4A4A4AFF,#4A4A4AFF,#4A4A4AFF,#00000000,#00000000,#4A4A4AFF,#8C3C1CFF
#4F312FFF,#4A4A4AFF,#00000000,#00000000,#4A4A4AFF,#4A4A4AFF,#4A4A4AFF,#4A4A4AFF,#4A4A4AFF,#4A4A4AFF,#4A4A4AFF,#4A4A4AFF,#4A4A4AFF,#4A4A4AFF,#4A4A4AFF,#4A4A4AFF,#4A4A4AFF,#00000000,#00000000,#4A4A4AFF,#8C3C1CFF
#4F312FFF,#4A4A4AFF,#4A4A4AFF,#4A4A4AFF,#4A4A4AFF,#4A4A4AFF,#4A4A4AFF,#4A4A4AFF,#4A4A4AFF,#4A4A4AFF,#4A4A4AFF,#4A4A4AFF,#4A4A4AFF,#4A4A4AFF,#4A4A4AFF,#4A4A4AFF,#4A4A4AFF,#4A4A4AFF,#4A4A4AFF,#4A4A4AFF,#8C3C1CFF
#4A4A4AFF,#4A4A4AFF,#4A4A4AFF,#4A4A4AFF,#4A4A4AFF,#4A4A4AFF,#4A4A4AFF,#4A4A4AFF,#4A4A4AFF,#4A4A4AFF,#4A4A4AFF,#4A4A4AFF,#4A4A4AFF,#4A4A4AFF,#4A4A4AFF,#4A4A4AFF,#4A4A4AFF,#4A4A4AFF,#4A4A4AFF,#4A4A4AFF,#8C3C1CFF
#4A4A4AFF,#4A4A4AFF,#4A4A4AFF,#4A4A4AFF,#4A4A4AFF,#4A4A4AFF,#4A4A4AFF,#4A4A4AFF,#4A4A4AFF,#4A4A4AFF,#4A4A4AFF,#4A4A4AFF,#4A4A4AFF,#4A4A4AFF,#4A4A4AFF,#4A4A4AFF,#4A4A4AFF,#4A4A4AFF,#4A4A4AFF,#4A4A4AFF,#4A4A4AFF
#4A4A4AFF,#4A4A4AFF,#4A4A4AFF,#4A4A4AFF,#4A4A4AFF,#4A4A4AFF,#4A4A4AFF,#4A4A4AFF,#4A4A4AFF,#4A4A4AFF,#4A4A4AFF,#4A4A4AFF,#4A4A4AFF,#4A4A4AFF,#4A4A4AFF,#4A4A4AFF,#4A4A4AFF,#4A4A4AFF,#4A4A4AFF,#4A4A4AFF,#4A4A4AFF
#4A4A4AFF,#4A4A4AFF,#4A4A4AFF,#4A4A4AFF,#4A4A4AFF,#4A4A4AFF,#4A4A4AFF,#4A4A4AFF,#4A4A4AFF,#4A4A4AFF,#4A4A4AFF,#4A4A4AFF,#4A4A4AFF,#4A4A4AFF,#4A4A4AFF,#4A4A4AFF,#4A4A4AFF,#4A4A4AFF,#4A4A4AFF,#4A4A4AFF,#4A4A4AFF
#8C3C1CFF,#4A4A4AFF,#4A4A4AFF,#4A4A4AFF,#4A4A4AFF,#4A4A4AFF,#4A4A4AFF,#4A4A4AFF,#4A4A4AFF,#4A4A4AFF,#4A4A4AFF,#4A4A4AFF,#4A4A4AFF,#4A4A4AFF,#4A4A4AFF,#4A4A4AFF,#4A4A4AFF,#4A4A4AFF,#4A4A4AFF,#4A4A4AFF,#4A4A4AFF
#8C3C1CFF,#4A4A4AFF,#00000000,#00000000,#4A4A4AFF,#4A4A4AFF,#4A4A4AFF,#4A4A4AFF,#4A4A4AFF,#4A4A4AFF,#4A4A4AFF,#4A4A4AFF,#4A4A4AFF,#4A4A4AFF,#4A4A4AFF,#4A4A4AFF,#4A4A4AFF,#00000000,#00000000,#4A4A4AFF,#4F312FFF
#4A4A4AFF,#4A4A4AFF,#00000000,#00000000,#4A4A4AFF,#4A4A4AFF,#4A4A4AFF,#4A4A4AFF,#4A4A4AFF,#4A4A4AFF,#4A4A4AFF,#4A4A4AFF,#4A4A4AFF,#4A4A4AFF,#4A4A4AFF,#4A4A4AFF,#4A4A4AFF,#00000000,#00000000,#4F312FFF,#4F312FFF
#4A4A4AFF,#4A4A4AFF,#00000000,#00000000,#4A4A4AFF,#4A4A4AFF,#4A4A4AFF,#0077FFFF,#0077FFFF,#0077FFFF,#0077FFFF,#0077FFFF,#0077FFFF,#0077FFFF,#4A4A4AFF,#4A4A4AFF,#4A4A4AFF,#00000000,#00000000,#4F312FFF,#4F312FFF
#4A4A4AFF,#4A4A4AFF,#00000000,#00000000,#4A4A4AFF,#4A4A4AFF,#4A4A4AFF,#0077FFFF,#0077FFFF,#0077FFFF,#0077FFFF,#0077FFFF,#0077FFFF,#0077FFFF,#4A4A4AFF,#4A4A4AFF,#4A4A4AFF,#00000000,#00000000,#4F312FFF,#4F312FFF
#4A4A4AFF,#4A4A4AFF,#00000000,#00000000,#4A4A4AFF,#4A4A4AFF,#4A4A4AFF,#0077FFFF,#0077FFFF,#0077FFFF,#0077FFFF,#0077FFFF,#0077FFFF,#0077FFFF,#4A4A4AFF,#4A4A4AFF,#4A4A4AFF,#00000000,#00000000,#4F312FFF,#4A4A4AFF
#FFFF06FF,#FFFF07FF,#00000000,#00000000,#4A4A4AFF,#4A4A4AFF,#4A4A4AFF,#0077FFFF,#0077FFFF,#0077FFFF,#0077FFFF,#0077FFFF,#0077FFFF,#0077FFFF,#4A4A4AFF,#4A4A4AFF,#4A4A4AFF,#00000000,#00000000,#FFFF03FF,#FFFF01FF
#00000000,#00000000,#00000000,#4A4A4AFF,#4A4A4AFF,#4A4A4AFF,#4A4A4AFF,#0077FFFF,#0077FFFF,#0077FFFF,#0077FFFF,#0077FFFF,#0077FFFF,#0077FFFF,#4A4A4AFF,#4A4A4AFF,#4A4A4AFF,#8C3C1CFF,#00000000,#00000000,#00000000
#00000000,#00000000,#00000000,#00000000,#4A4A4AFF,#4A4A4AFF,#4A4A4AFF,#4A4A4AFF,#4A4A4AFF,#4A4A4AFF,#4A4A4AFF,#4A4A4AFF,#4A4A4AFF,#4A4A4AFF,#4A4A4AFF,#4A4A4AFF,#8C3C1CFF,#00000000,#00000000,#00000000,#00000000
#00000000,#00000000,#00000000,#00000000,#4A4A4AFF,#4A4A4AFF,#4A4A4AFF,#4A4A4AFF,#4A4A4AFF,#4A4A4AFF,#4A4A4AFF,#4A4A4AFF,#4A4A4AFF,#4A4A4AFF,#4A4A4AFF,#4A4A4AFF,#4A4A4AFF,#00000000,#00000000,#00000000,#00000000
#00000000,#00000000,#00000000,#00000000,#4A4A4AFF,#4A4A4AFF,#4A4A4AFF,#4A4A4AFF,#4A4A4AFF,#4A4A4AFF,#4A4A4AFF,#4A4A4AFF,#4A4A4AFF,#4A4A4AFF,#4A4A4AFF,#4A4A4AFF,#4A4A4AFF,#00000000,#00000000,#00000000,#00000000
#00000000,#00000000,#00000000,#00000000,#00000000,#4A4A4AFF,#4A4A4AFF,#4A4A4AFF,#FEFEFEFF,#FEFEFEFF,#FEFEFEFF,#FEFEFEFF,#FEFEFEFF,#4A4A4AFF,#4A4A4AFF,#4A4A4AFF,#00000000,#00000000,#00000000,#00000000,#00000000
#00000000,#00000000,#00000000,#00000000,#00000000,#00000000,#00000000,#00000000,#00000000,#00000000,#00000000,#00000000,#00000000,#00000000,#00000000,#00000000,#00000000,#00000000,#00000000,#00000000,#00000000

#00000000,#00000000,#00000000,#00000000,#00000000,#00000000,#00000000,#00000000,#00000000,#8C3C1CFF,#4A4A4AFF,#4A4A4AFF,#00000000,#00000000,#00000000,#00000000,#00000000,#00000000,#00000000,#00000000,#00000000
#00000000,#00000000,#00000000,#00000000,#00000000,#00000000,#00000000,#00000000,#8C3C1CFF,#4A4A4AFF,#4A4A4AFF,#4A4A4AFF,#4F312FFF,#00000000,#00000000,#00000000,#00000000,#00000000,#00000000,#00000000,#00000000
#00000000,#00000000,#00000000,#00000000,#00000000,#00000000,#00000000,#4A4A4AFF,#4A4A4AFF,#4A4A4AFF,#4A4A4AFF,#4A4A4AFF,#4A4A4AFF,#4F312FFF,#00000000,#00000000,#00000000,#00000000,#00000000,#00000000,#00000000
#00000000,#00000000,#00000000,#00000000,#00000000,#00000000,#4A4A4AFF,#4A4A4AFF,#4A4A4AFF,#4A4A4AFF,#4A4A4AFF,#4A4A4AFF,#4A4A4AFF,#4A4A4AFF,#4F312FFF,#00000000,#00000000,#00000000,#00000000,#00000000,#00000000
#00000000,#00000000,#00000000,#00000000,#00000000,#4A4A4AFF,#4A4A4AFF,#4A4A4AFF,#4A4A4AFF,#4A4A4AFF,#4A4A4AFF,#4A4A4AFF,#4A4A4AFF,#4A4A4AFF,#4A4A4AFF,#00000000,#00000000,#00000000,#00000000,#00000000,#00000000
#00000000,#00000000,#00000000,#00000000,#00000000,#4A4A4AFF,#4A4A4AFF,#4A4A4AFF,#4A4A4AFF,#4A4A4AFF,#4A4A4AFF,#4A4A4AFF,#4A4A4AFF,#4A4A4AFF,#4A4A4AFF,#4A4A4AFF,#00000000,#00000000,#00000000,#00000000,#00000000
#00000000,#00000000,#00000000,#00000000,#00000000,#4A4A4AFF,#4A4A4AFF,#4A4A4AFF,#4A4A4AFF,#4A4A4AFF,#4A4A4AFF,#4A4A4AFF,#4A4A4AFF,#4A4A4AFF,#4A4A4AFF,#4A4A4AFF,#00000000,#00000000,#00000000,#00000000,#00000000
#00000000,#00000000,#00000000,#00000000,#00000000,#4A4A4AFF,#4A4A4AFF,#4A4A4AFF,#4A4A4AFF,#4A4A4AFF,#4A4A4AFF,#4A4A4AFF,#4A4A4AFF,#4A4A4AFF,#4A4A4AFF,#4A4A4AFF,#00000000,#00000000,#00000000,#00000000,#00000000
#FF7703FF,#00000000,#00000000,#00000000,#00000000,#4A4A4AFF,#4A4A4AFF,#4A4A4AFF,#4A4A4AFF,#4A4A4AFF,#4A4A4AFF,#4A4A4AFF,#4A4A4AFF,#4A4A4AFF,#4A4A4AFF,#4A4A4AFF,#00000000,#00000000,#00000000,#00000000,#FF7701FF
#4A4A4AFF,#00000000,#00000000,#00000000,#4A4A4AFF,#4A4A4AFF,#4A4A4AFF,#4A4A4AFF,#4A4A4AFF,#4A4A4AFF,#00FFFFFF,#4A4A4AFF,#4A4A4AFF,#4A4A4AFF,#4A4A4AFF,#4A4A4AFF,#4A4A4AFF,#00000000,#00000000,#00000000,#4A4A4AFF
#4A4A4AFF,#00000000,#00000000,#00000000,#4F312FFF,#4A4A4AFF,#4A4A4AFF,#4A4A4AFF,#4A4A4AFF,#4A4A4AFF,#4A4A4AFF,#4A4A4AFF,#4A4A4AFF,#4A4A4AFF,#4A4A4AFF,#4A4A4AFF,#4A4A4AFF,#00000000,#00000000,#00000000,#4A4A4AFF
#4A4A4AFF,#00000000,#00000000,#00000000,#4F312FFF,#4A4A4AFF,#4A4A4AFF,#4A4A4AFF,#4A4A4AFF,#4A4A4AFF,#4A4A4AFF,#4A4A4AFF,#4A4A4AFF,#4A4A4AFF,#4A4A4AFF,#4A4A4AFF,#4A4A4AFF,#00000000,#00000000,#00000000,#8C3C1CFF
#4A4A4AFF,#4A4A4AFF,#00000000,#00000000,#4A4A4AFF,#4A4A4AFF,#4A4A4AFF,#4A4A4AFF,#4A4A4AFF,#4A4A4AFF,#4A4A4AFF,#4A4A4AFF,#4A4A4AFF,#4A4A4AFF,#4A4A4AFF,#4A4A4AFF,#4A4A4AFF,#00000000,#00000000,#4A4A4AFF,#8C3C1CFF
#4F312FFF,#4A4A4AFF,#00000000,#00000000,#4A4A4AFF,#4A4A4AFF,#4A4A4AFF,#4A4A4AFF,#4A4A4AFF,#4A4A4AFF,#4A4A4AFF,#4A4A4AFF,#4A4A4AFF,#4A4A4AFF,#4A4A4AFF,#4A4A4AFF,#4F312FFF,#00000000,#00000000,#4F312FFF,#8C3C1CFF
#4F312FFF,#4A4A4AFF,#00000000,#00000000,#4A4A4AFF,#4A4A4AFF,#4A4A4AFF,#4A4A4AFF,#4A4A4AFF,#4A4A4AFF,#4A4A4AFF,#4A4A4AFF,#4A4A4AFF,#4A4A4AFF,#4A4A4AFF,#4A4A4AFF,#4F312FFF,#00000000,#00000000,#4F312FFF,#4A4A4AFF
#4A4A4AFF,#4A4A4AFF,#4A4A4AFF,#4A4A4AFF,#4A4A4AFF,#4A4A4AFF,#4A4A4AFF,#4A4A4AFF,#4A4A4AFF,#4A4A4AFF,#4A4A4AFF,#4A4A4AFF,#4A4A4AFF,#4A4A4AFF,#4A4A4AFF,#4A4A4AFF,#4F312FFF,#4F312FFF,#4F312FFF,#4A4A4AFF,#4A4A4AFF
#4A4A4AFF,#4A4A4AFF,#4A4A4AFF,#4A4A4AFF,#4A4A4AFF,#4A4A4AFF,#4A4A4AFF,#4A4A4AFF,#4A4A4AFF,#4A4A4AFF,#4A4A4AFF,#4A4A4AFF,#4A4A4AFF,#4A4A4AFF,#4A4A4AFF,#4A4A4AFF,#4A4A4AFF,#4A4A4AFF,#4A4A4AFF,#4A4A4AFF,#4A4A4AFF
#4A4A4AFF,#4A4A4AFF,#4A4A4AFF,#4A4A4AFF,#4A4A4AFF,#4A4A4AFF,#4A4A4AFF,#4A4A4AFF,#4A4A4AFF,#4A4A4AFF,#4A4A4AFF,#4A4A4AFF,#4A4A4AFF,#4A4A4AFF,#4A4A4AFF,#4A4A4AFF,#4A4A4AFF,#4A4A4AFF,#4A4A4AFF,#4A4A4AFF,#4A4A4AFF
#4A4A4AFF,#8C3C1CFF,#4A4A4AFF,#4A4A4AFF,#4A4A4AFF,#4A4A4AFF,#4A4A4AFF,#4A4A4AFF,#4A4A4AFF,#4A4A4AFF,#4A4A4AFF,#4A4A4AFF,#4A4A4AFF,#4A4A4AFF,#4A4A4AFF,#4A4A4AFF,#4A4A4AFF,#4A4A4AFF,#4A4A4AFF,#4A4A4AFF,#4A4A4AFF
#8C3C1CFF,#8C3C1CFF,#8C3C1CFF,#4A4A4AFF,#4A4A4AFF,#4A4A4AFF,#4A4A4AFF,#4A4A4AFF,#4A4A4AFF,#4A4A4AFF,#4A4A4AFF,#4A4A4AFF,#4A4A4AFF,#4A4A4AFF,#4A4A4AFF,#4A4A4AFF,#4A4A4AFF,#4A4A4AFF,#4A4A4AFF,#4A4A4AFF,#4A4A4AFF
#4A4A4AFF,#4A4A4AFF,#4A4A4AFF,#4A4A4AFF,#4A4A4AFF,#4A4A4AFF,#4A4A4AFF,#4A4A4AFF,#4A4A4AFF,#4A4A4AFF,#4A4A4AFF,#4A4A4AFF,#4A4A4AFF,#4A4A4AFF,#4A4A4AFF,#4A4A4AFF,#4A4A4AFF,#4A4A4AFF,#4A4A4AFF,#4A4A4AFF,#4F312FFF
#4A4A4AFF,#4A4A4AFF,#00000000,#00000000,#4A4A4AFF,#4A4A4AFF,#4A4A4AFF,#4A4A4AFF,#4A4A4AFF,#4A4A4AFF,#4A4A4AFF,#4A4A4AFF,#4A4A4AFF,#4A4A4AFF,#4A4A4AFF,#4A4A4AFF,#4A4A4AFF,#00000000,#00000000,#4A4A4AFF,#4F312FFF
#00000000,#00000000,#00000000,#00000000,#4A4A4AFF,#4A4A4AFF,#4A4A4AFF,#4A4A4AFF,#4A4A4AFF,#4A4A4AFF,#4A4A4AFF,#4A4A4AFF,#4A4A4AFF,#4A4A4AFF,#4A4A4AFF,#4A4A4AFF,#4A4A4AFF,#00000000,#00000000,#00000000,#00000000
#00000000,#00000000,#00000000,#00000000,#4F312FFF,#4A4A4AFF,#4A4A4AFF,#0077FFFF,#0077FFFF,#0077FFFF,#0077FFFF,#0077FFFF,#0077FFFF,#0077FFFF,#4A4A4AFF,#4A4A4AFF,#4A4A4AFF,#00000000,#00000000,#00000000,#00000000
#00000000,#00000000,#00000000,#00000000,#4F312FFF,#4A4A4AFF,#4A4A4AFF,#0077FFFF,#0077FFFF,#0077FFFF,#0077FFFF,#0077FFFF,#0077FFFF,#0077FFFF,#4A4A4AFF,#4A4A4AFF,#4A4A4AFF,#00000000,#00000000,#00000000,#00000000
#00000000,#00000000,#00000000,#00000000,#4A4A4AFF,#4A4A4AFF,#4A4A4AFF,#0077FFFF,#0077FFFF,#0077FFFF,#0077FFFF,#0077FFFF,#0077FFFF,#0077FFFF,#4A4A4AFF,#4A4A4AFF,#4A4A4AFF,#00000000,#00000000,#00000000,#00000000
#00000000,#00000000,#00000000,#00000000,#4A4A4AFF,#4A4A4AFF,#4A4A4AFF,#0077FFFF,#0077FFFF,#0077FFFF,#0077FFFF,#0077FFFF,#0077FFFF,#0077FFFF,#4A4A4AFF,#4A4A4AFF,#8C3C1CFF,#00000000,#00000000,#00000000,#00000000
#00000000,#00000000,#00000000,#00000000,#4A4A4AFF,#4A4A4AFF,#4A4A4AFF,#0077FFFF,#0077FFFF,#0077FFFF,#0077FFFF,#0077FFFF,#0077FFFF,#0077FFFF,#4A4A4AFF,#4A4A4AFF,#8C3C1CFF,#00000000,#00000000,#00000000,#00000000
#00000000,#00000000,#00000000,#00000000,#4A4A4AFF,#4A4A4AFF,#4A4A4AFF,#4A4A4AFF,#4A4A4AFF,#4A4A4AFF,#4A4A4AFF,#4A4A4AFF,#4A4A4AFF,#4A4A4AFF,#4A4A4AFF,#4A4A4AFF,#8C3C1CFF,#00000000,#00000000,#00000000,#00000000
#00000000,#00000000,#00000000,#00000000,#4A4A4AFF,#4A4A4AFF,#4A4A4AFF,#4A4A4AFF,#4A4A4AFF,#4A4A4AFF,#4A4A4AFF,#4A4A4AFF,#4A4A4AFF,#4A4A4AFF,#4A4A4AFF,#4A4A4AFF,#4A4A4AFF,#00000000,#00000000,#00000000,#00000000
#00000000,#00000000,#00000000,#00000000,#4A4A4AFF,#4A4A4AFF,#4A4A4AFF,#4A4A4AFF,#4A4A4AFF,#4A4A4AFF,#4A4A4AFF,#4A4A4AFF,#4A4A4AFF,#4A4A4AFF,#4A4A4AFF,#4A4A4AFF,#4A4A4AFF,#00000000,#00000000,#00000000,#00000000
#00000000,#00000000,#00000000,#00000000,#00000000,#00000000,#4A4A4AFF,#8C3C1CFF,#4A4A4AFF,#FEFEFEFF,#FEFEFEFF,#FEFEFEFF,#4A4A4AFF,#4F312FFF,#4F312FFF,#00000000,#00000000,#00000000,#00000000,#00000000,#00000000
#00000000,#00000000,#00000000,#00000000,#00000000,#00000000,#00000000,#00000000,#00000000,#00000000,#00000000,#00000000,#00000000,#00000000,#00000000,#00000000,#00000000,#00000000,#00000000,#00000000,#00000000

#00000000,#00000000,#00000000,#00000000,#00000000,#00000000,#00000000,#00000000,#00000000,#00000000,#00000000,#00000000,#00000000,#00000000,#00000000,#00000000,#00000000,#00000000,#00000000,#00000000,#00000000
#00000000,#00000000,#00000000,#00000000,#00000000,#00000000,#00000000,#00000000,#00000000,#00000000,#00000000,#00000000,#00000000,#00000000,#00000000,#00000000,#00000000,#00000000,#00000000,#00000000,#00000000
#00000000,#00000000,#00000000,#00000000,#00000000,#00000000,#00000000,#00000000,#8C3C1CFF,#8C3C1CFF,#4A4A4AFF,#4F312FFF,#4F312FFF,#00000000,#00000000,#00000000,#00000000,#00000000,#00000000,#00000000,#00000000
#00000000,#00000000,#00000000,#00000000,#00000000,#00000000,#00000000,#4A4A4AFF,#4A4A4AFF,#4A4A4AFF,#4A4A4AFF,#4A4A4AFF,#4A4A4AFF,#4F312FFF,#00000000,#00000000,#00000000,#00000000,#00000000,#00000000,#00000000
#00000000,#00000000,#00000000,#00000000,#00000000,#00000000,#00000000,#4A4A4AFF,#4A4A4AFF,#4A4A4AFF,#4A4A4AFF,#4A4A4AFF,#4A4A4AFF,#4A4A4AFF,#00000000,#00000000,#00000000,#00000000,#00000000,#00000000,#00000000
#00000000,#00000000,#00000000,#00000000,#00000000,#00000000,#4A4A4AFF,#4A4A4AFF,#4A4A4AFF,#4A4A4AFF,#4A4A4AFF,#4A4A4AFF,#4A4A4AFF,#4A4A4AFF,#4A4A4AFF,#00000000,#00000000,#00000000,#00000000,#00000000,#00000000
#00000000,#00000000,#00000000,#00000000,#00000000,#00000000,#4A4A4AFF,#4A4A4AFF,#4A4A4AFF,#4A4A4AFF,#4A4A4AFF,#4A4A4AFF,#4A4A4AFF,#4A4A4AFF,#4A4A4AFF,#00000000,#00000000,#00000000,#00000000,#00000000,#00000000
#00000000,#00000000,#00000000,#00000000,#00000000,#00000000,#4A4A4AFF,#4A4A4AFF,#4A4A4AFF,#4A4A4AFF,#4A4A4AFF,#4A4A4AFF,#4A4A4AFF,#4A4A4AFF,#4A4A4AFF,#00000000,#00000000,#00000000,#00000000,#00000000,#00000000
#00000000,#00000000,#00000000,#00000000,#00000000,#00000000,#4A4A4AFF,#4A4A4AFF,#4A4A4AFF,#4A4A4AFF,#4A4A4AFF,#4A4A4AFF,#4A4A4AFF,#4A4A4AFF,#4A4A4AFF,#00000000,#00000000,#00000000,#00000000,#00000000,#00000000
#00000000,#00000000,#00000000,#00000000,#00000000,#4A4A4AFF,#4A4A4AFF,#4A4A4AFF,#4A4A4AFF,#4A4A4AFF,#4A4A4AFF,#4A4A4AFF,#4A4A4AFF,#4A4A4AFF,#4A4A4AFF,#4A4A4AFF,#00000000,#00000000,#00000000,#00000000,#00000000
#00000000,#00000000,#00000000,#00000000,#00000000,#4A4A4AFF,#4A4A4AFF,#4A4A4AFF,#4A4A4AFF,#4A4A4AFF,#4A4A4AFF,#4A4A4AFF,#4A4A4AFF,#4A4A4AFF,#4A4A4AFF,#4A4A4AFF,#00000000,#00000000,#00000000,#00000000,#00000000
#00000000,#00000000,#00000000,#00000000,#00000000,#4F312FFF,#4A4A4AFF,#4A4A4AFF,#4A4A4AFF,#4A4A4AFF,#4A4A4AFF,#4A4A4AFF,#4A4A4AFF,#4A4A4AFF,#4A4A4AFF,#4A4A4AFF,#00000000,#00000000,#00000000,#00000000,#00000000
#00000000,#00000000,#00000000,#00000000,#00000000,#4F312FFF,#4A4A4AFF,#4A4A4AFF,#4A4A4AFF,#4A4A4AFF,#4A4A4AFF,#4A4A4AFF,#4A4A4AFF,#4A4A4AFF,#4A4A4AFF,#4A4A4AFF,#00000000,#00000000,#00000000,#00000000,#00000000
#00000000,#00000000,#00000000,#00000000,#00000000,#4A4A4AFF,#4A4A4AFF,#4A4A4AFF,#4A4A4AFF,#4A4A4AFF,#4A4A4AFF,#4A4A4AFF,#4A4A4AFF,#4A4A4AFF,#4A4A4AFF,#4A4A4AFF,#00000000,#00000000,#00000000,#00000000,#00000000
#00000000,#00000000,#00000000,#00000000,#00000000,#4A4A4AFF,#4A4A4AFF,#4A4A4AFF,#4A4A4AFF,#4A4A4AFF,#4A4A4AFF,#4A4A4AFF,#4A4A4AFF,#4A4A4AFF,#4A4A4AFF,#4F312FFF,#00000000,#00000000,#00000000,#00000000,#00000000
#00000000,#00000000,#00000000,#00000000,#00000000,#4A4A4AFF,#4A4A4AFF,#4A4A4AFF,#4A4A4AFF,#4A4A4AFF,#4A4A4AFF,#4A4A4AFF,#4A4A4AFF,#4A4A4AFF,#4A4A4AFF,#4F312FFF,#00000000,#00000000,#00000000,#00000000,#00000000
#00000000,#00000000,#00000000,#00000000,#4A4A4AFF,#4A4A4AFF,#4A4A4AFF,#4A4A4AFF,#4A4A4AFF,#4A4A4AFF,#4A4A4AFF,#4A4A4AFF,#4A4A4AFF,#4A4A4AFF,#4A4A4AFF,#4A4A4AFF,#4F312FFF,#00000000,#00000000,#00000000,#00000000
#00000000,#00000000,#00000000,#00000000,#4A4A4AFF,#4A4A4AFF,#4A4A4AFF,#4A4A4AFF,#4A4A4AFF,#4A4A4AFF,#4A4A4AFF,#4A4A4AFF,#4A4A4AFF,#4A4A4AFF,#4A4A4AFF,#4A4A4AFF,#4A4A4AFF,#00000000,#00000000,#00000000,#00000000
#00000000,#00000000,#00000000,#00000000,#4A4A4AFF,#4A4A4AFF,#4A4A4AFF,#4A4A4AFF,#4A4A4AFF,#4A4A4AFF,#4A4A4AFF,#4A4A4AFF,#4A4A4AFF,#4A4A4AFF,#4A4A4AFF,#4A4A4AFF,#4A4A4AFF,#00000000,#00000000,#00000000,#00000000
#00000000,#00000000,#00000000,#00000000,#4A4A4AFF,#4A4A4AFF,#4A4A4AFF,#4A4A4AFF,#4A4A4AFF,#4A4A4AFF,#4A4A4AFF,#4A4A4AFF,#4A4A4AFF,#4A4A4AFF,#4A4A4AFF,#4A4A4AFF,#4A4A4AFF,#00000000,#00000000,#00000000,#00000000
#00000000,#00000000,#00000000,#00000000,#00000000,#4A4A4AFF,#4A4A4AFF,#4A4A4AFF,#4A4A4AFF,#4A4A4AFF,#4A4A4AFF,#4A4A4AFF,#4A4A4AFF,#4A4A4AFF,#4A4A4AFF,#4A4A4AFF,#00000000,#00000000,#00000000,#00000000,#00000000
#00000000,#00000000,#00000000,#00000000,#00000000,#4A4A4AFF,#4A4A4AFF,#4A4A4AFF,#4A4A4AFF,#4A4A4AFF,#4A4A4AFF,#4A4A4AFF,#4A4A4AFF,#4A4A4AFF,#4A4A4AFF,#4A4A4AFF,#00000000,#00000000,#00000000,#00000000,#00000000
#00000000,#00000000,#00000000,#00000000,#00000000,#4F312FFF,#4A4A4AFF,#4A4A4AFF,#4A4A4AFF,#4A4A4AFF,#4A4A4AFF,#4A4A4AFF,#4A4A4AFF,#4A4A4AFF,#4A4A4AFF,#4A4A4AFF,#00000000,#00000000,#00000000,#00000000,#00000000
#00000000,#00000000,#00000000,#00000000,#00000000,#4F312FFF,#4A4A4AFF,#4A4A4AFF,#4A4A4AFF,#4A4A4AFF,#4A4A4AFF,#4A4A4AFF,#4A4A4AFF,#4A4A4AFF,#4A4A4AFF,#4A4A4AFF,#00000000,#00000000,#00000000,#00000000,#00000000
#00000000,#00000000,#00000000,#00000000,#00000000,#4F312FFF,#4A4A4AFF,#4A4A4AFF,#4A4A4AFF,#4A4A4AFF,#4A4A4AFF,#4A4A4AFF,#4A4A4AFF,#4A4A4AFF,#4A4A4AFF,#4A4A4AFF,#00000000,#00000000,#00000000,#00000000,#00000000
#00000000,#00000000,#00000000,#00000000,#00000000,#4A4A4AFF,#4A4A4AFF,#4A4A4AFF,#4A4A4AFF,#4A4A4AFF,#4A4A4AFF,#4A4A4AFF,#4A4A4AFF,#4A4A4AFF,#4A4A4AFF,#8C3C1CFF,#00000000,#00000000,#00000000,#00000000,#00000000
#00000000,#00000000,#00000000,#00000000,#00000000,#4A4A4AFF,#4A4A4AFF,#4A4A4AFF,#4A4A4AFF,#4A4A4AFF,#4A4A4AFF,#4A4A4AFF,#4A4A4AFF,#4A4A4AFF,#4A4A4AFF,#8C3C1CFF,#00000000,#00000000,#00000000,#00000000,#00000000
#00000000,#00000000,#00000000,#00000000,#00000000,#4A4A4AFF,#4A4A4AFF,#4A4A4AFF,#4A4A4AFF,#4A4A4AFF,#4A4A4AFF,#4A4A4AFF,#4A4A4AFF,#4A4A4AFF,#4A4A4AFF,#8C3C1CFF,#00000000,#00000000,#00000000,#00000000,#00000000
#00000000,#00000000,#00000000,#00000000,#00000000,#4A4A4AFF,#4A4A4AFF,#4A4A4AFF,#4A4A4AFF,#4A4A4AFF,#4A4A4AFF,#4A4A4AFF,#4A4A4AFF,#4A4A4AFF,#4A4A4AFF,#4A4A4AFF,#00000000,#00000000,#00000000,#00000000,#00000000
#00000000,#00000000,#00000000,#00000000,#00000000,#4A4A4AFF,#4A4A4AFF,#4A4A4AFF,#4A4A4AFF,#4A4A4AFF,#4A4A4AFF,#4A4A4AFF,#4A4A4AFF,#4A4A4AFF,#4A4A4AFF,#4A4A4AFF,#00000000,#00000000,#00000000,#00000000,#00000000
#00000000,#00000000,#00000000,#00000000,#00000000,#00000000,#4A4A4AFF,#4A4A4AFF,#4A4A4AFF,#4A4A4AFF,#4A4A4AFF,#4A4A4AFF,#4A4A4AFF,#4A4A4AFF,#4A4A4AFF,#00000000,#00000000,#00000000,#00000000,#00000000,#00000000
#00000000,#00000000,#00000000,#00000000,#00000000,#00000000,#00000000,#8C3C1CFF,#8C3C1CFF,#FEFEFEFF,#4A4A4AFF,#FEFEFEFF,#4F312FFF,#4F312FFF,#00000000,#00000000,#00000000,#00000000,#00000000,#00000000,#00000000
#00000000,#00000000,#00000000,#00000000,#00000000,#00000000,#00000000,#00000000,#00000000,#00000000,#00000000,#00000000,#00000000,#00000000,#00000000,#00000000,#00000000,#00000000,#00000000,#00000000,#00000000

#00000000,#00000000,#00000000,#00000000,#00000000,#00000000,#00000000,#00000000,#00000000,#00000000,#00000000,#00000000,#00000000,#00000000,#00000000,#00000000,#00000000,#00000000,#00000000,#00000000,#00000000
#00000000,#00000000,#00000000,#00000000,#00000000,#00000000,#00000000,#00000000,#00000000,#00000000,#00000000,#00000000,#00000000,#00000000,#00000000,#00000000,#00000000,#00000000,#00000000,#00000000,#00000000
#00000000,#00000000,#00000000,#00000000,#00000000,#00000000,#00000000,#00000000,#4A4A4AFF,#8C3C1CFF,#4A4A4AFF,#4A4A4AFF,#4F312FFF,#00000000,#00000000,#00000000,#00000000,#00000000,#00000000,#00000000,#00000000
#00000000,#00000000,#00000000,#00000000,#00000000,#00000000,#00000000,#4F312FFF,#4A4A4AFF,#4A4A4AFF,#4A4A4AFF,#4A4A4AFF,#4A4A4AFF,#4A4A4AFF,#00000000,#00000000,#00000000,#00000000,#00000000,#00000000,#00000000
#00000000,#00000000,#00000000,#00000000,#00000000,#00000000,#00000000,#4F312FFF,#4F312FFF,#4A4A4AFF,#4A4A4AFF,#4A4A4AFF,#4A4A4AFF,#00000000,#00000000,#00000000,#00000000,#00000000,#00000000,#00000000,#00000000
#00000000,#00000000,#00000000,#00000000,#00000000,#00000000,#4F312FFF,#4A4A4AFF,#4F312FFF,#4F312FFF,#4A4A4AFF,#4A4A4AFF,#4A4A4AFF,#4A4A4AFF,#4A4A4AFF,#00000000,#00000000,#00000000,#00000000,#00000000,#00000000
#00000000,#00000000,#00000000,#00000000,#00000000,#4A4A4AFF,#4A4A4AFF,#4F312FFF,#4F312FFF,#4F312FFF,#4A4A4AFF,#4A4A4AFF,#4A4A4AFF,#4A4A4AFF,#8C3C1CFF,#8C3C1CFF,#00000000,#00000000,#00000000,#00000000,#00000000
#00000000,#00000000,#00000000,#00000000,#00000000,#00000000,#4F312FFF,#4F312FFF,#4A4A4AFF,#4A4A4AFF,#4A4A4AFF,#4A4A4AFF,#8C3C1CFF,#8C3C1CFF,#8C3C1CFF,#00000000,#00000000,#00000000,#00000000,#00000000,#00000000
#00000000,#00000000,#00000000,#00000000,#00000000,#00000000,#4A4A4AFF,#4A4A4AFF,#4A4A4AFF,#4A4A4AFF,#4A4A4AFF,#4A4A4AFF,#8C3C1CFF,#4A4A4AFF,#8C3C1CFF,#00000000,#00000000,#00000000,#00000000,#00000000,#00000000
#00000000,#00000000,#00000000,#00000000,#00000000,#4A4A4AFF,#4A4A4AFF,#4A4A4AFF,#4A4A4AFF,#4A4A4AFF,#4A4A4AFF,#4A4A4AFF,#4A4A4AFF,#8C3C1CFF,#4A4A4AFF,#4A4A4AFF,#00000000,#00000000,#00000000,#00000000,#00000000
#00000000,#00000000,#00000000,#00000000,#00000000,#4A4A4AFF,#4A4A4AFF,#4A4A4AFF,#4A4A4AFF,#4A4A4AFF,#4A4A4AFF,#4A4A4AFF,#4A4A4AFF,#4A4A4AFF,#4A4A4AFF,#4A4A4AFF,#00000000,#00000000,#00000000,#00000000,#00000000
#00000000,#00000000,#00000000,#00000000,#00000000,#4A4A4AFF,#4A4A4AFF,#4A4A4AFF,#4F312FFF,#4A4A4AFF,#4F312FFF,#4F312FFF,#4A4A4AFF,#4A4A4AFF,#4A4A4AFF,#4A4A4AFF,#00000000,#00000000,#00000000,#00000000,#00000000
#00000000,#00000000,#00000000,#00000000,#00000000,#4F312FFF,#4A4A4AFF,#4A4A4AFF,#4F312FFF,#4F312FFF,#4F312FFF,#4F312FFF,#4A4A4AFF,#4A4A4AFF,#4A4A4AFF,#4A4A4AFF,#00000000,#00000000,#00000000,#00000000,#00000000
#00000000,#00000000,#00000000,#00000000,#00000000,#4A4A4AFF,#4A4A4AFF,#4A4A4AFF,#4F312FFF,#4F312FFF,#4F312FFF,#4A4A4AFF,#4F312FFF,#4A4A4AFF,#4A4A4AFF,#4A4A4AFF,#00000000,#00000000,#00000000,#00000000,#00000000
#00000000,#00000000,#00000000,#00000000,#00000000,#4A4A4AFF,#4A4A4AFF,#4A4A4AFF,#4A4A4AFF,#4A4A4AFF,#4A4A4AFF,#4A4A4AFF,#4F312FFF,#4F312FFF,#4A4A4AFF,#4A4A4AFF,#00000000,#00000000,#00000000,#00000000,#00000000
#00000000,#00000000,#00000000,#00000000,#00000000,#4A4A4AFF,#4A4A4AFF,#4A4A4AFF,#8C3C1CFF,#4A4A4AFF,#4A4A4AFF,#4A4A4AFF,#4A4A4AFF,#4A4A4AFF,#4A4A4AFF,#4A4A4AFF,#00000000,#00000000,#00000000,#00000000,#00000000
#00000000,#00000000,#00000000,#00000000,#4A4A4AFF,#4A4A4AFF,#4A4A4AFF,#8C3C1CFF,#4A4A4AFF,#4A4A4AFF,#4A4A4AFF,#4A4A4AFF,#4A4A4AFF,#4A4A4AFF,#4A4A4AFF,#4A4A4AFF,#4A4A4AFF,#00000000,#00000000,#00000000,#00000000
#00000000,#00000000,#00000000,#00000000,#4A4A4AFF,#4A4A4AFF,#8C3C1CFF,#8C3C1CFF,#8C3C1CFF,#4A4A4AFF,#8C3C1CFF,#8C3C1CFF,#4A4A4AFF,#8C3C1CFF,#4A4A4AFF,#4A4A4AFF,#4A4A4AFF,#00000000,#00000000,#00000000,#00000000
#00000000,#00000000,#00000000,#00000000,#4A4A4AFF,#8C3C1CFF,#8C3C1CFF,#8C3C1CFF,#4A4A4AFF,#8C3C1CFF,#8C3C1CFF,#8C3C1CFF,#8C3C1CFF,#8C3C1CFF,#4A4A4AFF,#4A4A4AFF,#4A4A4AFF,#00000000,#00000000,#00000000,#00000000
#00000000,#00000000,#00000000,#00000000,#4A4A4AFF,#4A4A4AFF,#8C3C1CFF,#4A4A4AFF,#4A4A4AFF,#4A4A4AFF,#4A4A4AFF,#4A4A4AFF,#8C3C1CFF,#4A4A4AFF,#4A4A4AFF,#4A4A4AFF,#4A4A4AFF,#00000000,#00000000,#00000000,#00000000
#00000000,#00000000,#00000000,#00000000,#00000000,#4A4A4AFF,#4A4A4AFF,#4A4A4AFF,#4A4A4AFF,#4A4A4AFF,#4A4A4AFF,#4A4A4AFF,#4A4A4AFF,#4A4A4AFF,#4A4A4AFF,#4A4A4AFF,#00000000,#00000000,#00000000,#00000000,#00000000
#00000000,#00000000,#00000000,#00000000,#00000000,#4F312FFF,#4A4A4AFF,#4A4A4AFF,#4A4A4AFF,#4F312FFF,#4F312FFF,#4A4A4AFF,#4F312FFF,#4A4A4AFF,#4A4A4AFF,#4A4A4AFF,#00000000,#00000000,#00000000,#00000000,#00000000
#00000000,#00000000,#00000000,#00000000,#00000000,#4F312FFF,#4A4A4AFF,#4A4A4AFF,#4F312FFF,#4F312FFF,#4F312FFF,#4F312FFF,#4A4A4AFF,#4A4A4AFF,#4A4A4AFF,#4A4A4AFF,#00000000,#00000000,#00000000,#00000000,#00000000
#00000000,#00000000,#00000000,#00000000,#00000000,#4A4A4AFF,#4A4A4AFF,#4A4A4AFF,#4F312FFF,#4F312FFF,#4F312FFF,#4A4A4AFF,#4A4A4AFF,#4A4A4AFF,#4A4A4AFF,#4A4A4AFF,#00000000,#00000000,#00000000,#00000000,#00000000
#00000000,#00000000,#00000000,#00000000,#00000000,#4F312FFF,#4A4A4AFF,#4A4A4AFF,#4F312FFF,#4F312FFF,#4F312FFF,#4F312FFF,#4A4A4AFF,#4A4A4AFF,#4A4A4AFF,#4A4A4AFF,#00000000,#00000000,#00000000,#00000000,#00000000
#00000000,#00000000,#00000000,#00000000,#00000000,#4A4A4AFF,#4A4A4AFF,#4F312FFF,#4F312FFF,#4A4A4AFF,#4F312FFF,#4A4A4AFF,#4F312FFF,#4A4A4AFF,#4A4A4AFF,#8C3C1CFF,#00000000,#00000000,#00000000,#00000000,#00000000
#00000000,#00000000,#00000000,#00000000,#00000000,#4A4A4AFF,#4A4A4AFF,#4A4A4AFF,#4A4A4AFF,#4A4A4AFF,#4F312FFF,#4A4A4AFF,#4A4A4AFF,#4A4A4AFF,#4A4A4AFF,#4A4A4AFF,#00000000,#00000000,#00000000,#00000000,#00000000
#00000000,#00000000,#00000000,#00000000,#00000000,#4A4A4AFF,#4A4A4AFF,#4A4A4AFF,#4A4A4AFF,#4A4A4AFF,#4A4A4AFF,#4A4A4AFF,#4A4A4AFF,#4A4A4AFF,#4A4A4AFF,#8C3C1CFF,#00000000,#00000000,#00000000,#00000000,#00000000
#00000000,#00000000,#00000000,#00000000,#00000000,#4A4A4AFF,#4A4A4AFF,#4A4A4AFF,#4A4A4AFF,#4A4A4AFF,#4A4A4AFF,#4A4A4AFF,#4A4A4AFF,#4A4A4AFF,#4A4A4AFF,#4A4A4AFF,#00000000,#00000000,#00000000,#00000000,#00000000
#00000000,#00000000,#00000000,#00000000,#00000000,#4A4A4AFF,#4A4A4AFF,#4A4A4AFF,#4A4A4AFF,#4A4A4AFF,#4A4A4AFF,#4A4A4AFF,#4A4A4AFF,#4A4A4AFF,#4A4A4AFF,#4A4A4AFF,#00000000,#00000000,#00000000,#00000000,#00000000
#00000000,#00000000,#00000000,#00000000,#00000000,#00000000,#4A4A4AFF,#4A4A4AFF,#4A4A4AFF,#4A4A4AFF,#4A4A4AFF,#4A4A4AFF,#4A4A4AFF,#4F312FFF,#4F312FFF,#00000000,#00000000,#00000000,#00000000,#00000000,#00000000
#00000000,#00000000,#00000000,#00000000,#00000000,#00000000,#00000000,#4A4A4AFF,#4A4A4AFF,#4A4A4AFF,#4A4A4AFF,#4A4A4AFF,#4F312FFF,#4F312FFF,#00000000,#00000000,#00000000,#00000000,#00000000,#00000000,#00000000
#00000000,#00000000,#00000000,#00000000,#00000000,#00000000,#00000000,#FFFF08FF,#FFFF09FF,#00000000,#00000000,#00000000,#FFFF0AFF,#FFFF0BFF,#00000000,#00000000,#00000000,#00000000,#00000000,#00000000,#00000000

